logins_per_week,avg_time_per_session,quiz_score_avg,modules_completed,days_since_login,revisit_count,assignment_submissions,forum_activity,video_watch_pct,at_risk
4,75.04389708468574,49.963209507789,14,18,4,7,5,94.20038393619225,0
12,30.593828372971984,96.05714451279329,11,4,6,10,8,83.40313308833665,0
8,25.941732935885625,78.5595153449124,15,11,9,9,7,90.38424926900674,0
4,65.58868119465372,67.89267873576293,18,0,6,6,3,62.07503666334364,0
8,20.055434251224476,32.48149123539492,7,22,2,2,0,0.0,1
6,18.81925755975805,32.47956162689621,16,4,2,3,1,28.536805962970504,1
3,62.07440027445193,24.64668897345596,4,7,3,4,1,25.39511933121153,1
5,81.22945259652266,89.29409166199481,15,12,6,4,2,87.40372197744429,0
4,81.25708960914261,68.0892009394567,5,7,5,10,1,72.89576204437172,0
7,49.65580248120636,76.64580622368364,7,24,4,4,0,30.787322296483346,1
1,61.671662062199914,21.646759543664196,17,22,2,0,1,23.34425229030947,1
12,46.51595408559707,97.59278817295954,11,10,8,10,9,78.33981150535209,0
3,62.88130165826058,86.59541126403374,14,0,8,9,5,60.87344437913287,0
3,5.0,36.987128854262096,8,12,0,3,2,16.24419031465861,1
8,55.19574473906154,34.54599737656805,12,18,3,2,1,25.75706580525192,1
1,23.209448839646853,34.6723607882747,14,23,2,1,1,13.962196361314591,1
9,116.11893171935479,44.33937943676302,9,2,8,6,6,47.93182383581271,0
5,42.01315668302458,61.98051453057903,15,23,6,6,7,66.68748261944376,0
4,26.54189335981197,54.55560149136926,6,16,1,4,2,28.244581168724743,1
2,103.279725596162,43.298331215843355,16,4,2,6,3,85.5825956797314,0
2,57.86376694414503,68.94823157779035,6,19,1,2,1,36.19416390415614,1
0,52.83788245717277,31.15950885216335,13,20,3,0,0,38.51186761042453,1
3,50.3596100557819,43.37157188281745,14,7,7,7,5,69.57749637325671,0
6,30.319657527558306,49.308947463495336,6,25,1,1,2,0.0,1
8,77.69932832095269,56.48559873736288,8,13,6,8,4,71.28215875522446,0
9,85.9713334622118,82.81407691144109,18,3,4,3,3,67.16413118721438,0
9,54.99490950876695,35.97390257266878,15,10,2,0,2,17.768135735177957,1
4,5.0,61.13875507308893,7,19,2,2,1,28.54970369009275,1
8,68.65106882889636,67.39316550896339,17,14,4,6,5,73.67162261667548,0
9,34.2003729112672,23.71603301759982,17,18,0,5,0,0.0,1
9,63.15390313101702,68.60358815211507,19,6,3,3,4,67.6628637672714,0
4,25.15026444460801,33.64192989498332,6,18,4,0,1,16.897914408045846,1
4,35.70924670964073,25.20412743882236,2,27,0,2,0,19.677239029722767,1
4,78.91355814163848,95.91084298026666,17,18,6,7,3,62.60350808535559,0
5,78.47015748044075,97.25056264596475,9,10,4,9,7,65.39752383417108,0
2,22.483703507074132,84.67178784931689,6,25,1,0,1,24.834905175573883,1
6,47.517562822784534,44.36910153386965,16,4,4,7,3,75.90067516704569,0
2,23.88946634978959,27.81376912051071,13,4,0,1,1,33.152864988250414,1
0,35.6977239965902,74.73864212097254,2,29,3,4,0,35.22490977096159,1
4,70.84553255322604,55.21219949916811,11,21,0,2,1,60.0,1
2,59.88703039630847,29.763058787582306,12,7,0,3,1,41.88519898185193,1
7,76.5434110575558,59.614152808901615,1,9,4,10,6,53.05277454603156,0
7,30.002551391782966,22.75108168921747,2,5,0,3,1,15.69603554998482,1
4,97.6027787773703,92.74563216630257,4,14,5,6,3,77.75500453770903,0
2,110.74421279436716,40.70239852800135,10,15,8,9,7,75.41290914348521,0
3,36.078135786461246,73.00178274831856,7,27,2,3,1,17.300303664915088,1
8,80.21070756902472,44.93688608715288,11,16,4,6,5,63.35924395701737,0
4,74.03477309592088,61.605441694224865,6,7,7,7,5,73.57837105959321,0
6,80.60738377997599,63.73682234746237,14,7,8,6,2,70.92015496361296,0
0,36.79739720804126,34.788356442042165,16,24,1,1,0,33.337876889761105,1
8,69.30871520312394,97.56677022116469,3,8,7,5,6,73.6811461265701,0
3,88.11435200994731,82.01062586888916,12,1,3,9,1,85.83048320126059,0
9,116.91248323792881,95.15991532513513,17,14,8,9,5,69.66699664847013,0
1,11.821617946189505,91.5861880342119,0,17,2,0,1,12.465981389683817,1
3,67.92375031194067,67.83199830488681,15,2,7,4,7,86.02241552313976,0
4,46.39079029535836,93.74993880184934,12,16,2,5,2,84.4204053972822,0
3,57.83726044321497,27.07940016415356,9,3,1,2,0,29.772389911148277,1
3,17.734103317707376,35.67862899353162,11,29,2,2,0,31.2047184742356,1
4,26.85929525965352,23.618183112843045,1,3,2,0,0,10.770671481865497,1
2,82.76373997697146,46.02642646106115,2,13,8,5,6,79.0237006810327,0
6,104.88622229486222,51.09418317515856,9,8,7,8,1,56.71521403370102,0
3,83.27195737121525,41.70792254191167,1,8,4,8,8,73.77381876998267,0
5,74.09595754563834,86.29900073215435,12,24,6,5,6,85.76682621636998,0
7,78.18281845551988,48.540266135487144,12,25,4,4,7,57.562616162718996,0
11,98.29681325651109,42.47476077499046,17,22,5,12,6,76.6384364353421,0
9,22.447652862741897,63.41568665265988,2,29,0,1,1,4.634519096986722,1
4,46.65438659170376,31.27393799798101,6,17,0,5,0,48.868229363234406,1
11,60.94619702980933,84.17575846032318,13,9,9,8,3,67.86571461332278,0
6,35.053280722071634,25.964051494381664,19,20,0,3,1,27.10440138550816,1
7,63.43249481166395,98.95095492804138,16,3,2,8,7,58.05802741685568,0
2,92.15442191964897,81.77958154373259,11,11,5,7,3,56.812702013596805,0
2,53.35096160739991,35.89725452273379,15,26,1,0,0,12.636663409488206,1
5,25.718697640356424,20.441769369888192,11,7,2,2,1,36.904589414951545,1
6,72.92951223306636,85.23691427638673,14,1,7,4,4,79.65601001788164,0
5,34.00969924905045,76.54858750780937,9,21,2,0,1,15.332384471864922,1
9,53.98819315303789,78.32057344327899,6,12,6,5,6,79.78251827673529,0
8,63.80980228145542,81.70162773487566,19,20,5,4,6,57.460903357502374,0
9,68.76338402291404,25.92357213872723,4,15,2,0,0,33.962094008451416,1
1,43.3048010012985,48.67725828354181,0,27,2,1,0,9.254888263648077,1
2,40.25043728659573,29.269524762010377,16,1,2,0,3,18.299097014157567,1
5,67.23329435967244,89.04827407004748,2,10,7,8,4,79.8394082821206,0
10,62.45153197739341,69.86385014620464,12,9,4,8,9,69.97642288940209,0
4,120.0,46.471841988211935,13,14,5,8,5,63.749417746134135,0
3,7.683070580663355,25.084668022881893,17,16,0,4,1,0.0,1
3,78.26294951905246,44.878585737252976,3,7,2,7,5,71.63177358791194,0
12,65.33583003587212,46.014665762139764,17,17,3,7,5,53.97343771231257,0
3,70.85472734559552,78.36849426704512,4,22,0,0,1,0.0,1
4,67.38398812546089,71.00459770841705,15,8,6,8,4,66.76645807960347,0
7,31.916856810413947,90.97701940610612,0,24,3,3,2,34.379342688131025,1
4,32.39128911873837,57.777194012955945,13,7,4,11,7,57.423276236536374,0
2,42.35414836921916,29.567539675064136,14,26,4,0,2,48.59704033064354,1
8,57.26235222122085,77.0595829778396,8,13,2,6,1,70.14267759911492,0
9,74.14278873557137,80.8628038893518,14,27,9,5,5,65.36857313209926,0
7,65.21453705696297,64.9021758055597,16,25,3,5,3,56.328588436930545,0
2,44.20016616045178,81.67737439636488,3,24,3,0,0,25.988966628683507,1
3,40.352064260084624,59.50364770915126,11,17,3,8,3,57.430311779810225,0
5,54.1882196117321,61.818626350559526,4,21,0,1,0,4.081607300108871,1
1,37.188930289951365,54.20328146868397,4,19,0,1,0,26.510132546484012,1
4,27.37517727518599,22.033530139527613,10,29,0,1,0,34.24038563121508,1
0,51.98901372643408,28.631314159464356,5,19,2,1,0,29.34504718207211,1
0,47.71421681062905,22.51433485493874,6,20,2,3,0,11.613025484265135,1
4,56.123911641963545,70.91283290110243,13,11,5,6,5,69.90075633769769,0
4,68.01371324415936,45.148478486106136,10,18,5,10,6,87.86092973469768,0
8,64.55146198138257,60.685655293176225,12,13,4,5,1,96.42252840238004,0
3,54.596387245352616,92.60531791408744,1,16,0,2,3,39.84398994385706,1
1,67.83841775359838,39.94337833191,6,23,3,0,1,16.611613030671837,1
9,87.6212437476133,52.830633842850375,19,20,6,4,7,100.0,0
4,80.81179083624482,80.4440910834439,3,2,8,11,4,87.02386422398797,0
8,56.20054477012233,38.3038532393298,7,25,0,0,0,32.673332927830074,1
0,25.502778323998957,26.158392786303438,19,29,2,1,1,30.481477642370635,1
2,56.87805527988717,43.180116233101444,18,22,4,3,7,84.34824192680902,0
0,42.51097173302296,32.897702980320354,12,6,3,3,0,12.099962873165472,1
8,60.053657072846605,94.37581218740584,13,16,5,7,6,86.3159012700828,0
8,75.88164077586428,84.64963036515336,9,11,5,5,3,75.01449945626513,0
13,73.26669361355077,70.67230052083389,10,8,6,8,3,77.76581146040608,0
7,99.23434032514237,89.71684721501742,1,14,4,6,5,66.1489929477992,0
9,89.42824715344719,84.29376615192916,8,17,7,9,3,60.55262793630385,0
5,54.26532501593085,34.925604710882865,16,20,0,3,1,20.515939044702545,1
7,46.2489366644992,91.40471987919823,2,12,5,5,1,66.29894079169787,0
0,52.145780302033856,63.147379353252056,5,29,2,2,0,19.666799932139412,1
4,69.3570088999462,84.595212413125,4,20,2,1,1,47.64320293918948,1
3,39.394738848060285,91.68730399387945,4,29,1,3,0,31.51190472311459,1
13,90.31255767988941,45.44027799774911,14,7,2,7,5,54.537623099208275,0
3,5.51876378263929,28.80415396221414,16,13,2,0,0,11.682979294935194,1
4,53.876469077182044,38.234813003355335,8,7,3,2,0,23.67609654797438,1
5,85.596572815101,54.1686230901005,2,13,9,7,3,82.67920456910272,0
6,62.49782010112871,85.44118127379944,19,6,8,9,4,56.71056148000166,0
7,101.37037970945109,88.85844666050747,16,22,9,8,6,43.663482133629195,0
6,34.19117035977701,20.556170442495258,9,11,0,2,0,12.942952298543714,1
1,48.88290342174515,60.85978420620526,2,10,1,2,1,33.789876534681724,1
3,98.6766567731969,53.39288025190232,17,21,9,6,6,90.42307304272167,0
0,52.049468725647266,37.76862483765842,17,21,4,1,0,6.596264855571391,1
5,60.80115781586778,29.589229386694626,16,10,2,0,0,50.684615925503834,1
2,19.622600858665294,47.00921371229023,2,24,2,1,0,23.071734484223054,1
4,35.444580417527305,95.43277631300154,2,21,3,1,0,10.374679225922288,1
6,21.199681357524916,45.856234561660415,5,27,2,0,1,36.36632170312275,1
10,55.30657812646281,61.50324973946929,12,28,3,9,7,85.66789644727211,0
7,89.11871644661525,76.24151671161422,14,12,2,4,3,72.1899387146896,0
7,93.6709820516321,49.09036819034352,8,17,4,7,4,90.98646218895121,0
6,46.7067330297521,97.74256661767686,3,1,7,5,6,79.312449179348,0
9,45.92172702067239,96.99578359536889,13,28,9,6,6,60.73305589778458,0
5,41.193837611594724,40.14258366602913,4,20,2,2,2,20.705478956587193,1
9,82.58721266857785,59.77988047139084,1,14,8,7,5,59.088027903185804,0
3,64.01861829539891,44.07026478534157,10,19,5,3,4,88.26322032926073,0
3,83.58587639964699,42.78723955019741,8,26,2,5,4,63.924235705816706,0
4,62.55576054223292,22.950955788362624,2,17,1,3,0,7.701097409871121,1
6,27.70612801852529,68.76514671839175,8,14,5,7,5,74.7966706169023,0
0,24.130805402330573,60.21432185830892,2,18,2,4,1,7.054901511846822,1
4,21.498307590427295,24.118300099999146,1,22,2,4,1,0.0,1
5,64.48320080207087,42.29171713892892,11,23,6,6,1,98.34720855840766,0
6,46.8279347268103,92.6612708773323,9,11,7,12,6,83.69606208893289,0
3,63.87173070952524,39.16495125335779,8,12,3,1,1,21.735173182928254,1
9,13.190227172671264,31.591589767297847,14,21,1,0,0,20.282494099746998,1
11,87.95311543299488,59.15622082220504,7,10,5,5,5,62.500562541870465,0
6,95.12394878827365,98.85203632884806,4,4,6,3,1,80.66569153817954,0
2,5.0,39.364421720920035,10,28,0,0,0,47.14172311848647,1
4,53.68180929702894,73.77084379247029,1,0,4,10,4,100.0,0
4,46.925873527392724,80.9295692262974,14,23,7,4,6,70.21624843953323,0
2,24.080592522990035,39.01100351939198,5,2,5,1,3,34.63181505814876,1
9,43.83779090043295,78.25730788894876,7,21,0,1,0,13.605223587499331,1
7,36.788807809964055,49.422650617540256,4,18,3,2,1,9.643983320832724,1
6,29.718734515244734,70.58446644748636,15,22,4,3,3,52.62997290216652,0
4,52.66230830233067,70.68237686087159,17,28,4,6,5,100.0,0
2,74.461494352925,62.86197472598068,5,29,3,2,0,15.900040888741497,1
9,72.78513033483505,27.223181604352664,4,6,0,3,2,38.3096344368962,1
3,85.34614725204973,86.82419964713904,15,11,7,7,4,49.14356491315286,0
8,72.8850704456408,45.66240519773886,12,14,4,9,3,73.08119905686627,0
8,36.43953419872323,34.92148083198834,4,24,0,0,1,51.20588716830271,1
4,43.103106857307125,23.262011324381113,12,4,2,1,1,17.049838618300512,1
2,83.71238748436966,67.27143545505935,16,14,6,8,3,54.968363430493376,0
2,76.25731302981822,74.2051489473826,17,7,5,8,8,60.24859367037017,0
6,43.02814792144037,21.32702631422849,7,9,2,3,0,34.37615195506109,1
2,64.63262401725238,60.96744466394248,12,25,6,7,1,60.94843248267089,0
4,22.072649043496384,38.11966201583503,18,15,2,2,0,0.09897775891455396,1
6,79.6918275767855,71.61382323275599,2,7,5,4,5,41.184802917651155,0
3,44.68518528913531,33.94931432039932,7,0,3,2,1,36.145145410751155,1
12,77.61652836690507,75.27501904819728,1,11,4,9,2,50.61544937607323,0
12,96.85443722702371,50.93882770404299,7,4,5,5,7,55.58122768823398,0
4,75.30327845493174,94.93839909893876,12,2,2,7,6,39.85399949696924,0
7,45.67689134605474,31.00167553167946,12,0,1,3,1,4.270558225194932,1
9,87.67213571988339,47.285308084020684,0,3,3,5,7,92.6609747730882,0
0,63.31189790288256,29.077881699247126,5,7,0,3,2,1.6185662029278731,1
2,48.37173238521426,93.97548946228503,18,2,5,7,5,52.024576795013544,0
6,76.71694529440138,90.18714827047847,15,9,6,4,8,85.25721511568969,0
6,80.32793335573157,40.63533021721245,7,1,4,7,7,88.46956395353028,0
5,45.0989755299201,72.79872368273432,0,10,4,4,3,71.56069721558629,0
8,62.343650380265004,85.37777601609727,15,24,8,8,6,100.0,0
4,57.878323355606824,64.416064927957,8,9,6,5,3,82.32346186936921,0
3,60.26647354236806,62.37204626848052,12,20,4,6,6,80.23978760938883,0
6,34.59464791272222,39.34818327203614,10,13,1,0,2,7.3234493060398655,1
4,44.35436402174333,27.44822142447194,12,6,5,0,0,18.741477471425284,1
3,69.61755640292586,91.77726063626613,9,26,5,4,4,73.2518691640674,0
0,54.069842964500495,92.03344457306643,3,26,3,1,1,26.06297495582705,1
2,43.00700659559719,70.64811658186144,5,1,4,5,4,59.731215712880044,0
5,98.40369877563897,47.122383283896056,6,8,4,7,5,71.9214832653848,0
6,81.84227800569838,47.93676596901287,4,15,4,7,6,57.74707749677563,0
5,55.86661791853719,78.07645430961915,10,12,3,5,4,37.79301850050952,0
5,84.39198995249782,91.76882079620617,12,8,3,4,5,84.97456852867575,0
12,68.59552758850748,90.96691394120938,18,19,4,7,7,47.46416527465724,0
4,64.25780990275314,82.3900436686099,9,3,7,6,5,71.60779697173624,0
13,78.70423056579205,71.36253169234303,9,21,5,11,5,74.99503194173559,0
2,69.30421006962762,26.731197199603905,10,9,1,1,0,37.916469835100095,1
9,22.169130202909905,32.930297127569105,6,25,2,3,0,15.65229527037904,1
8,72.42922128399091,91.88433508216634,17,25,8,4,5,74.0681721291996,0
1,26.9868675732761,68.5143247727672,3,21,0,0,1,41.491234026894055,1
2,33.46704873622777,20.73576412933037,1,11,3,1,2,53.22431934036656,1
4,80.0,28.11772342928257,13,16,1,2,0,52.49671222597674,1
4,54.914037347857146,73.08014152864446,12,13,7,10,1,73.51291227247307,0
5,47.20452074154858,20.404926707697495,11,13,3,3,2,8.352407660951393,1
1,50.826425880165566,32.86464411339989,6,24,1,2,0,9.943182768045455,1
7,66.99063717010036,63.89870314932689,1,1,4,4,5,76.53919485849005,0
12,56.73670819747635,75.35161581541546,12,20,4,3,5,80.01074654710852,0
7,74.15721002134161,72.15690076020805,13,24,6,8,4,67.11545223577559,0
2,22.280585322044463,37.941544756844785,16,19,1,3,0,56.088978111437775,1
5,37.935663067718075,76.97433770780287,8,10,7,7,3,65.61225709675988,0
2,50.89164801587256,38.97992699974401,16,15,5,2,1,24.903076088814405,1
7,80.0,46.03197585274142,7,18,2,2,2,54.329893242246854,1
7,42.95641478073054,79.71931240944193,1,22,2,0,2,47.322019408603026,1
12,61.48364003266897,71.97063192377718,12,5,5,8,4,71.76766489211951,0
0,27.14447234200104,87.93787283953424,2,23,0,4,1,0.0,1
6,79.42782525529981,72.60903138402747,15,18,5,6,6,60.82130421037269,0
10,95.43799090847887,65.46468826683773,5,4,8,7,4,78.92735985827093,0
2,57.20365276790314,27.493981426247398,18,25,2,1,1,28.097584377187456,1
4,53.05052218869871,49.41726424475468,6,3,4,7,8,64.88918842701877,0
2,16.890964123646807,41.216189414538036,9,14,2,2,1,25.945264883488427,1
2,54.50162088895016,39.51917147032668,8,28,1,2,1,32.85527112068747,1
8,91.15921427677586,97.84084438019565,1,3,8,7,5,55.39049433626349,0
8,71.63688669059077,51.44781797334083,14,19,6,7,6,59.85526204633956,0
2,34.63686176493536,91.36372441416907,4,9,7,7,5,38.762920349459925,0
1,21.96014701113605,70.49109007978103,3,23,4,0,0,27.999732997955306,1
2,79.26603020468461,83.58490428333187,19,21,8,4,6,36.548046206280794,0
4,63.33904758048955,60.21096744841537,3,2,2,4,4,66.0425765439905,0
8,64.48208557119652,66.15231077010873,17,25,7,3,6,52.32808156974919,0
4,45.51195585905457,59.401415505509114,3,4,7,8,5,56.73429676956693,0
1,28.358773318139754,35.61943902384356,16,5,0,2,1,17.285965426440388,1
2,57.030615999617254,77.79616922092043,11,20,4,8,4,73.01600485047088,0
7,26.871092459899344,42.46178899526846,16,21,4,7,5,55.519057612274494,0
8,35.22494795873131,21.945277314516307,9,7,1,1,0,16.66899400836492,1
4,89.62299431140707,71.63778367257342,0,6,5,4,6,58.51778169336872,0
0,38.85877417137688,34.16885435256391,17,20,2,2,2,41.380831171582024,1
7,104.75969970247041,95.23668674823314,17,9,7,7,6,72.59337527181539,0
4,78.57935897097035,96.31428616020699,13,5,8,6,7,98.4336215984284,0
2,76.77516324560732,93.18915121763588,14,13,4,7,4,41.2554885100344,0
12,67.43203468164782,49.61269602043555,11,3,4,7,2,69.47781527863071,0
0,51.69048103674869,21.236529322309394,3,27,2,1,0,41.680910200497365,1
2,34.63721721516474,94.26548500701803,2,24,0,0,0,50.070311261396924,1
10,63.95461215834947,54.254731865385146,19,12,6,8,3,75.3222717726759,0
13,80.61734324134298,97.33238552349357,11,19,6,6,1,78.85543312172419,0
0,16.116266971763118,97.08959816714022,6,16,1,0,0,34.6316163849792,1
8,48.48212342551481,88.24075643738881,10,22,7,5,1,56.020133120746905,0
4,47.53609898249245,43.55591136556686,0,6,5,6,3,88.1689824473952,0
5,110.91309095354308,50.807818288154024,5,3,6,8,6,81.97757356923503,0
4,80.6068580334116,88.09093372134855,14,28,2,6,6,83.73294687587115,0
3,76.0898440336029,45.35376041250221,14,13,4,6,3,88.96075255760746,0
4,13.197502086904287,33.5594197348874,18,2,4,0,1,12.587848731072556,1
2,82.46684601349656,64.54410099666802,10,23,5,8,3,92.2148860617624,0
9,67.66857307093343,94.89238193286248,1,4,4,5,3,75.66459357679962,0
7,74.283378822635,75.68238373399784,13,15,4,6,5,66.71412117963087,0
3,47.77637820527427,65.6048936071492,1,25,0,0,0,41.30138465539847,1
7,16.522533473879424,27.77411950166148,3,22,1,0,0,35.06889499116031,1
5,61.523329235870335,69.20057813593358,16,19,5,3,2,62.209130168641856,0
7,54.687776859396244,99.20430800834106,2,3,2,3,7,94.47833272555332,0
3,41.71189407889051,31.20672121892192,12,23,2,2,0,45.47993122413732,1
5,39.24584382939995,61.46637218909894,8,29,6,4,6,71.4210771374936,0
9,55.45695677087446,90.18984575423643,6,23,3,0,0,42.81387727027019,1
4,83.68972267105993,79.26148942033635,14,1,4,7,3,100.0,0
2,52.40712648897519,75.76125927962144,10,29,5,7,4,53.02413717100511,0
11,53.59343077735065,76.19872671896874,19,17,6,5,1,57.32442232425586,0
7,35.75820660159149,48.75929209758041,1,18,0,1,2,10.47925306675456,1
10,75.64072420924441,43.487347541159465,14,27,7,12,4,66.5110114234677,0
10,66.94290016371549,84.74889243828109,13,27,4,6,7,73.68277664991041,0
3,78.67124920383759,84.80907157433447,19,18,5,7,2,63.02016222488384,0
3,105.25959305074798,89.3657854864083,10,16,5,7,6,61.90409802772345,0
13,59.845664617005724,93.05924420451771,2,13,4,6,8,72.13607299942198,0
12,35.69640058593159,60.90739190887503,16,18,3,5,4,62.46838262755454,0
6,86.51847166061306,60.12130357497597,11,21,5,4,2,74.65263740774257,0
7,103.6662915185506,83.86361431734201,14,23,9,4,4,86.71351520113906,0
5,77.8553672610225,71.99711446222122,15,12,3,7,1,80.15545704701209,0
8,48.24502649292664,76.15735018061628,4,11,9,5,4,83.21520020747803,0
4,67.52215273529598,83.66341355488808,19,29,5,3,6,86.28877617260079,0
0,33.636829967641425,91.2004273454053,5,25,2,1,3,42.72742440913059,1
3,82.85710987925896,47.03961254812286,18,5,3,6,4,67.62038460935348,0
6,21.87569335905578,50.04663621119552,4,20,0,5,0,10.562517476210166,1
4,42.83959827748011,27.51855518726952,2,3,1,2,0,26.230448940821734,1
7,46.27446365793814,66.26241127969392,0,18,3,1,2,22.74477450570599,1
5,10.307904161606945,22.875381903739367,5,15,2,0,0,15.867652563649527,1
4,62.67316645724485,57.24784145059681,14,12,5,5,9,75.20173831891294,0
9,73.53524206500528,63.411570776606126,1,3,9,5,2,80.45136794071452,0
4,36.507041086367444,42.92330017026275,2,29,2,1,0,18.9389582462129,1
6,50.2668194455178,67.26666084552086,16,22,6,6,8,91.47624226361619,0
9,36.20613013095185,22.440019995123954,11,16,2,1,1,34.97659077282219,1
5,56.991690620932346,22.987855099937153,17,22,2,2,0,41.51199708134075,1
11,50.22941984268199,85.80804485277267,14,0,7,8,5,63.41173352767281,0
5,114.81853112411585,48.81525131290103,11,17,5,8,4,100.0,0
7,69.90916490485914,30.16484101215078,15,19,0,1,2,14.088014406494919,1
9,34.30748991492642,61.77946080438435,7,16,0,4,1,6.693786837833731,1
5,98.30409053403648,81.59948424788887,13,26,3,7,4,67.11842979055486,0
6,45.76056736610978,37.26568219974745,16,27,4,3,0,41.030574702019265,1
4,11.121489058524862,69.83123806552001,7,26,5,3,0,19.415224696442735,1
0,48.89707075114976,26.82779719950144,14,14,4,2,0,48.48181989938668,1
5,48.231314383285635,24.134537693488618,13,10,1,5,0,33.233177732805004,1
10,67.05614498463977,62.50837052545184,17,24,8,8,8,74.7143397321806,0
2,66.01874892480261,63.25080972880852,19,27,4,8,5,53.33252051650022,0
7,56.11149405612347,70.99439211985653,6,21,1,0,1,31.680951581714286,1
5,76.6552095727402,78.08730669781292,2,12,4,10,6,61.72708899847555,0
9,81.1965689765612,98.06816635700277,11,0,9,7,4,70.79409202352201,0
4,11.68951866172587,61.30402786409562,2,16,3,3,0,28.892182346297147,1
10,45.78514746741671,45.836517835299674,19,5,8,3,4,67.76675805968675,0
2,51.2306578851783,83.61489558149628,13,3,7,11,6,68.67767696694413,0
4,59.071847610726536,41.66658010096594,14,19,6,4,3,96.66467228229143,0
5,67.04078731948653,55.11771365645089,13,15,2,0,0,32.7591314104196,1
6,80.0,26.276510507381275,6,14,3,1,1,34.438572704428616,1
3,39.17503742041594,22.028059473236603,16,26,2,4,0,17.387029847113475,1
12,62.851699036586,97.01187317423401,11,14,6,8,3,77.3471688219102,0
13,89.060189964281,86.87840964097647,19,5,6,9,3,40.20209287033717,0
7,64.00245051006776,75.67793648749584,3,14,6,4,5,82.48998636820541,0
10,79.20831299685648,52.71623555314159,8,13,2,9,6,46.11987314322025,0
9,72.74164815985485,33.86354560566766,5,27,0,2,1,33.72059589008386,1
4,24.397122372244564,32.514963413686885,15,10,3,0,1,1.3997957559139032,1
5,65.43054912380919,40.019431853167625,1,6,6,10,4,62.99716884400121,0
7,83.34130945456708,63.938133176489636,7,8,6,4,5,64.54323205585193,0
8,39.098871851871294,77.16767381600499,10,25,5,5,4,58.4482133915237,0
5,62.7337598322291,72.8157901374185,12,15,7,7,5,64.767220042132,0
6,75.93145353388616,42.39471175567543,16,4,3,5,10,85.48842580540828,0
5,31.904092411594135,96.38922245305552,7,24,2,2,0,17.28685833455461,1
9,99.85905245507655,79.03175333566148,17,19,6,7,6,78.17711319265811,0
3,62.179506662688475,64.34832420091206,17,28,6,6,5,55.5152554058905,0
6,99.58963523721746,68.93765969874818,13,9,5,8,4,67.15750635411807,0
12,56.81952346680659,53.568004994223195,14,17,9,6,7,74.85758899491175,0
0,29.78783001404841,39.81847916009259,5,2,2,0,0,60.0,1
11,86.34934253396744,48.47781429210093,10,12,4,9,7,50.324193506339654,0
7,51.730828407355546,80.62768883714952,12,10,6,8,4,77.37817225868332,0
8,20.24268179720456,21.15147909038047,0,16,4,2,1,36.8274842102653,1
5,54.46075879159728,29.2858112405533,5,29,0,0,1,25.61621296142131,1
4,41.71026659279198,23.68021136174022,8,29,0,2,0,0.0,1
5,5.685833627237415,23.25830418551761,7,21,0,5,1,41.984310622584076,1
3,63.85507548676537,88.43684672088058,10,12,2,4,2,70.83219878148071,0
10,97.38189165525702,76.29262875040189,18,5,6,6,4,73.64353811066877,0
6,68.02558211088655,57.93390632698602,8,16,5,5,2,32.07632349529428,0
5,77.78557591007993,27.82673285208012,16,26,2,1,0,19.651863570358213,1
3,65.49297029911601,59.32927000934659,11,12,7,8,1,57.32154841844719,0
5,103.33326518455047,57.87774166244525,13,18,6,3,5,72.26301442767344,0
1,44.41261608614327,33.856149592801216,14,20,1,2,1,12.233278197484202,1
13,57.7171293750563,54.70813193903784,15,18,5,4,7,79.54270733026054,0
6,100.49034362231806,51.88037875178988,19,9,7,6,6,73.86372623815654,0
6,61.101072182094946,69.26800784417732,0,2,7,7,4,50.488973944189965,0
8,102.02148612328784,70.8074920694115,9,13,5,6,7,91.7050692637759,0
4,39.51427008659948,23.62432078176356,7,25,2,0,0,34.55428809992305,1
9,66.90700586878333,49.9690091701177,17,18,4,9,5,51.12704064959611,0
10,33.73413055965683,70.0687932571389,0,4,5,3,5,74.99057941561274,0
6,25.851209103756243,60.250900686407014,1,28,3,2,0,20.630019908125803,1
6,72.03260107066849,88.51918729506578,0,4,6,5,3,72.08295983800822,0
7,46.53989026540195,72.69549052951561,0,19,0,1,1,42.855421296280994,1
0,23.297509920555296,33.034754166514375,8,16,0,3,0,20.758101848360127,1
5,73.05826102460844,25.645499792034386,12,20,2,1,1,34.82032739512216,1
8,86.02363527976365,71.39354225650524,0,9,5,4,4,74.42402102665204,0
0,39.33949472560879,22.120904843329747,12,4,0,3,0,38.189609390634644,1
2,91.4682540482089,66.86204650187706,19,3,6,8,4,72.73202306516765,0
9,79.97379824271088,95.2184193139966,6,5,8,3,5,90.3965783999247,0
2,54.294634550354,66.03793423007032,1,25,2,1,1,18.06251270200046,1
9,66.89155134944481,51.05359409652175,5,3,8,6,3,56.70831022978525,0
6,51.409746617271466,71.46305747538825,6,29,0,2,0,52.2769656757239,1
11,65.94788454163853,56.660231239321334,13,6,5,5,7,77.69571801115376,0
11,89.60008472267788,63.6493431452748,17,6,4,6,4,73.70932188441608,0
11,76.10301671749946,95.317184702122,14,17,5,8,2,60.31137740106555,0
1,60.61838676733814,50.88821102406194,1,2,3,1,2,26.657031338292036,1
7,76.83507841427078,96.89524510591313,9,0,6,9,4,63.67334703418554,0
7,44.03348120662194,92.4280513564851,11,23,5,5,8,67.98033862262807,0
4,37.72874870419097,35.663290783143715,16,24,0,1,0,6.380510908885647,1
7,38.882956346943786,25.548904070013236,7,3,1,3,0,16.41287464282614,1
5,32.4522696507558,28.062240110194132,10,5,3,2,0,43.84332016662039,1
1,66.89708062361389,21.45774605212398,2,8,2,1,0,27.12817063942743,1
9,25.341479237829297,27.555436860474273,5,21,0,2,1,7.767398205762046,1
4,55.305135730545814,74.64054187330855,8,13,4,9,4,77.32780207711014,0
3,80.0,25.695091876818317,5,27,0,2,0,35.552402840667575,1
7,83.3175564741278,45.5180504235009,8,11,8,6,4,72.30645744317059,0
4,5.0,87.59002487755636,6,27,4,1,0,25.267829522232617,1
5,28.69482521579193,21.86175485886607,8,24,2,2,0,60.0,1
5,49.28791887909212,85.15747860711487,17,19,7,6,7,77.20343892858554,0
7,87.62117784114866,42.548381981872,11,23,7,11,2,80.73796944356721,0
3,5.0,29.4531862097325,7,24,3,3,0,12.764409278509836,1
8,83.89338248237169,75.73897322913206,7,3,9,9,2,74.48775191220697,0
7,61.26970273468913,70.31542774239071,17,20,6,8,5,66.23818589184052,0
3,91.43360747781179,90.19776108216423,19,29,3,6,6,68.00977330420157,0
3,75.90449516690485,78.80568350431086,14,23,6,5,4,65.16907905282503,0
7,56.411100301645014,84.27847443078788,6,11,6,7,6,77.0662060614533,0
2,69.75951942173624,42.562765805704515,10,9,4,8,3,71.22467063527381,0
2,70.03905930377192,34.195163502377824,19,29,3,0,1,7.3150574056465665,1
8,79.78356701275587,80.04918013126867,15,21,2,7,6,69.73723955656378,0
1,55.70691206020566,84.54677914138112,3,27,1,1,0,43.835162886116514,1
11,69.41296595768611,99.24041136005387,5,6,4,11,3,70.47052624149563,0
10,77.90614505298662,53.00941415291412,2,2,4,8,7,70.95306932735225,0
2,70.66046614386066,49.761446863422655,8,22,5,10,5,73.6389390573019,0
4,96.93882488777992,82.11303685935974,9,27,6,5,2,61.09406209471387,0
2,85.48045548142105,47.264283220241424,13,13,6,8,2,52.06795425001732,0
4,69.85038406518507,94.46058604828518,10,23,4,9,5,79.36909967341417,0
9,74.33378194995346,88.67302014744095,17,9,4,5,4,65.89590165198747,0
5,75.91331102964,54.319522190001464,11,15,3,6,2,72.56866071527493,0
8,78.06599208333648,80.06968542331978,11,15,5,10,1,65.77809880167557,0
2,33.48684008670784,80.36342992677459,12,21,8,5,3,69.90907261339608,0
4,59.06352508658708,28.24990950687461,12,9,0,4,1,25.672346978984272,1
5,40.31121863613147,92.20423253436533,18,24,7,10,4,55.47874616269258,0
7,95.56561894918973,60.42018979582857,18,12,8,9,3,77.10597491152986,0
6,68.78300959994145,86.11659728861933,13,5,4,7,5,60.953198676608196,0
3,66.13318100640754,45.603968082448944,3,11,5,6,7,72.45927221342215,0
3,87.9359466406647,91.64185827969604,12,8,9,6,5,76.15690332853117,0
9,78.4464959489975,51.13613429873305,7,12,8,7,4,61.19780926595377,0
7,16.451669895014227,20.86701211842387,18,3,2,3,0,22.66110853775638,1
10,68.58189274945262,92.4305581135411,11,23,6,7,3,100.0,0
6,30.216876496315678,27.302934142890685,17,10,0,1,0,17.793696708947586,1
5,29.240429423560897,45.54509100723319,5,19,0,1,0,30.686854496038556,1
2,56.19447533525591,96.0049573640644,17,17,4,6,2,99.09195324355186,0
6,66.32919355967068,96.04857175500449,18,25,4,6,4,81.8486162028084,0
6,67.70098137016315,65.87503104986288,4,10,4,4,1,65.49335786758672,0
12,40.35537152645382,70.54697697358394,8,24,4,6,8,68.99325418697333,0
5,20.169459177907356,55.87564175826558,2,20,0,2,0,10.944134853007997,1
11,67.95793882217122,43.456861735845166,9,3,3,8,8,83.22544640436614,0
8,70.75106153321126,46.29316362959328,18,17,4,11,5,78.49406062088032,0
4,78.01283276679673,73.80147648616307,2,0,2,7,6,62.283612726073855,0
7,54.238474921926574,80.1899623550144,14,26,8,9,4,54.36737789352333,0
4,22.37132589546009,83.32632349806788,0,6,0,3,0,41.36541863787215,1
4,62.65850707963634,83.16945142356431,6,5,5,10,6,84.79771005706301,0
1,63.288234810705404,27.29648824389523,11,14,1,2,1,38.85974018680225,1
6,81.46894986710798,59.553624376206514,16,17,6,8,6,73.22476804499128,0
6,40.68666777137671,24.604700801331543,19,23,2,2,0,0.0,1
2,84.49658746971663,63.96231058589884,4,10,6,5,4,48.047453450433906,0
5,58.950238171511344,55.32244010987016,3,19,1,3,0,10.885341080759245,1
4,59.58738786875402,91.01633462066398,11,23,2,7,6,70.63058555495846,0
2,38.04760541663087,48.07320100416629,19,14,3,8,7,83.60851990086431,0
5,24.102127059966193,29.36536131420847,17,15,2,0,1,34.01370673623002,1
9,5.0,31.43933456422687,16,6,3,0,3,27.091786990437956,1
10,100.85613547539364,80.92085053739778,18,20,6,5,3,80.69947264930948,0
9,63.284281220405006,69.45744506530089,8,9,4,7,1,80.98522119475787,0
1,62.723827492850845,28.08981408982322,3,25,0,2,1,18.68599653124351,1
0,47.18110186960733,26.728544489199795,1,11,2,4,0,23.942896391838165,1
8,66.68458388345381,76.0775305167296,3,23,0,3,1,17.328437068261906,1
8,26.052715441676582,25.821040509135482,1,13,4,3,0,21.845083407017636,1
10,102.11355916164909,85.7488047432285,14,24,9,6,4,68.42841982477698,0
4,67.16674736255513,76.4993781725197,1,4,7,5,5,62.29767454338919,0
4,55.55192123584544,26.50790245135198,3,25,4,1,0,41.12681123472635,1
3,10.824832149386129,26.787017126815353,5,20,2,0,0,12.750804552685201,1
3,44.70270598732377,98.93116628009403,6,17,2,4,0,44.21904468102014,1
7,110.7106291343919,49.941663660489624,9,4,6,9,1,69.12366534220207,0
2,109.84188814994907,49.65137176535127,18,2,5,6,6,42.37651575273159,0
7,67.37777322639035,85.0239653806002,18,22,2,5,3,86.9289110121787,0
9,58.44931471961574,95.7798861907087,11,25,9,10,1,30.0,0
5,83.94476092780626,98.88008510582966,2,4,6,6,3,40.23807899863587,0
12,63.04950114962284,80.27025482071534,12,23,6,7,3,77.90995119221007,0
2,46.86889565865327,50.10076684247326,17,16,5,7,7,77.90606798017173,0
1,30.208587059386566,26.6800573358935,7,18,0,1,0,50.051408508746334,1
9,94.3289477455416,82.17175327419494,14,18,4,9,5,72.21733135454868,0
6,80.0,64.6723399788644,0,24,4,2,0,11.374881224380221,1
0,63.07005699563088,53.937760739758104,2,20,3,4,1,25.462730005802605,1
4,63.2514733637568,92.50835080757888,7,11,2,1,1,60.0,1
4,48.71092637984728,28.895798584492105,3,24,1,3,0,6.361539958004418,1
2,60.00257930989935,59.41000834326873,15,28,5,7,2,70.31262223206657,0
2,5.0,20.908291581393527,9,8,4,0,0,20.158831709149865,1
6,90.43926310120007,57.4928513595301,11,0,4,4,2,69.56647714753208,0
0,30.38851173595051,24.504262054546988,13,17,0,1,2,44.00910469477573,1
5,5.0,29.505433301445755,13,20,0,3,0,19.206443669329488,1
1,16.851684195691327,29.40209974216839,1,3,0,2,0,41.78368407560761,1
5,63.13616862626576,71.93682416928509,4,9,2,3,8,50.725830070677574,0
9,39.23352328605255,79.68359034123387,4,24,2,1,2,25.994121060163522,1
6,78.96156682025783,66.66950120777277,5,6,4,8,4,66.45948714765939,0
2,100.64760765175244,96.97380387796335,12,21,5,5,6,86.18274349763445,0
8,78.4107341180814,49.98964636189633,8,22,3,5,4,37.61096597020348,0
4,106.96218208211104,42.85696690254886,14,0,4,9,8,62.514876033553165,0
7,80.80035603446282,89.48793025515683,13,16,7,7,5,43.59045334993745,0
5,5.0,37.88766708155621,6,23,0,1,0,43.07013903635388,1
4,63.529701064310856,97.0578031552489,19,28,5,6,3,62.912486603726435,0
3,22.222806039286507,20.972357975185307,1,28,1,1,0,48.00434268599385,1
5,88.21888807678951,97.59030613661112,6,1,6,5,3,60.92688401486225,0
6,19.716715637460634,23.45279295604609,5,27,2,2,1,37.70280614769851,1
5,84.58473898621506,91.29144909584569,16,25,5,6,4,79.29485037644722,0
4,68.33656456130761,62.21608872690399,1,10,8,3,3,76.8200911141387,0
9,97.54670059056684,99.43718368954403,2,8,7,7,9,78.27097514167363,0
3,62.805011053424096,25.90372517883191,4,6,5,3,0,39.23749105357241,1
4,16.3953653159926,64.30834275210566,4,21,1,1,0,6.823476887659535,1
1,48.374091565847365,97.54420284952792,0,16,3,2,1,35.15256481166511,1
4,39.720535430478535,61.847827533611905,7,16,0,1,0,8.783359782638307,1
11,82.11027302248331,70.351891050821,11,1,8,7,4,37.348304485422275,0
2,71.28815044863885,75.65989511876937,3,5,7,3,4,75.91167895556288,0
7,81.41891389207746,56.36328518142186,12,13,3,9,5,74.63707281002196,0
8,53.711943580136186,70.20464640672508,14,5,3,6,5,70.9322635912859,0
7,81.40972172159381,66.74514495384801,10,1,4,4,4,67.76029867192487,0
10,89.88829056415169,92.09264083927911,9,0,7,8,1,31.508209211013792,0
4,34.53986503954831,23.63571042731663,2,9,2,4,1,27.154462509822967,1
6,110.27108589297399,42.477055167378424,13,20,6,9,2,96.8415806661606,0
8,74.88196887004773,96.0329187261247,15,4,6,7,3,70.19351943352459,0
7,75.47822173694358,91.2211027112733,9,1,8,6,5,65.39065241987923,0
5,39.536550716523045,56.45254022285704,9,21,6,6,5,70.25359293385169,0
8,59.371771977231504,69.61060782412294,11,15,3,7,8,75.32159302942013,0
5,66.13835851986775,42.19049463849061,8,24,4,6,3,79.88230367034197,0
2,52.08214910878088,35.0496927779009,0,1,0,2,0,22.29796593385223,1
5,57.77997751820742,57.09587239519857,4,9,4,8,5,76.37379403590526,0
11,85.92680039497665,48.268178242084225,19,1,5,6,7,95.14976204142039,0
2,69.9675656607324,66.69248894806977,7,15,3,7,6,85.09376199149072,0
3,25.316762677579717,26.218770957198785,10,15,3,0,0,24.201494986548518,1
7,74.97787938266512,97.95158461329332,11,18,3,6,1,60.148444624724256,0
6,30.698481075979878,98.89685955836823,0,28,0,4,0,20.938202545314056,1
7,61.41925503814669,75.85293712157961,19,6,8,5,3,58.139895401161084,0
8,35.90428188419771,62.88770930752963,10,21,7,7,3,75.30349220110695,0
8,65.04091585344221,44.76220930290622,4,11,4,7,2,80.9871479385715,0
2,60.40063707702547,85.10360157655589,14,23,6,8,5,62.338342121432916,0
11,59.68038021301841,74.77849380431034,4,14,3,5,8,71.31946416211413,0
4,28.824008558753185,33.00935514759131,11,7,1,0,1,8.333143503763367,1
9,83.1726390558102,92.8741747595074,4,5,5,8,6,59.34593652532138,0
9,74.64389009284655,85.80297943385352,16,27,5,7,4,95.0407518932147,0
4,89.90830380898949,95.98399306335392,16,26,3,5,2,49.231050629089765,0
8,81.5112385166073,78.0575606710688,11,9,2,9,6,99.09537164092576,0
5,64.09887620388716,69.07321567486319,14,2,3,3,2,85.01989202199388,0
2,60.7428742857124,53.45944290324951,14,18,8,8,5,68.65411635508332,0
3,43.64196491631724,94.61827866832107,5,16,0,2,2,14.859233675671193,1
1,19.280761427867212,89.28511116003267,11,6,1,3,1,35.6899304819051,1
4,48.71895259430945,23.617493608495153,19,20,2,1,2,27.27771324462356,1
0,24.761175237298325,22.109357959780162,17,19,3,2,0,14.709077101844818,1
7,59.17053986985662,50.117069350243966,13,25,8,6,3,88.82839369951873,0
6,67.95987439745477,84.84426646254663,1,3,4,6,3,99.52981150576876,0
8,83.4203560983554,98.98209034519556,8,13,2,7,1,72.99069880981011,0
0,39.55939854966119,32.033351288282255,4,19,1,2,2,36.48464659724043,1
4,88.77938937409584,67.5304572281708,19,21,9,5,6,61.81410939045709,0
6,68.72244334337307,50.47126853048172,0,14,6,5,3,67.25363823083073,0
7,74.91717940546272,97.59315182516826,2,23,4,0,1,24.64193547535821,1
6,50.021272475088175,87.36951385085669,5,7,7,3,4,52.31587896838932,0
3,24.935924368180586,87.06629637689103,4,20,0,1,0,50.33233288454015,1
7,76.84451158848691,57.49545278359762,4,14,5,12,1,74.53920288919382,0
1,29.13159140446966,53.185560187013216,0,21,4,5,0,8.535349546320838,1
6,70.89139221778544,41.8725657544565,16,19,6,9,8,82.24905355536569,0
2,45.25005781703668,24.51003973207417,18,27,2,0,2,15.093289479886252,1
8,46.97546684985711,89.17779010040425,13,13,5,8,5,53.559819281934196,0
11,92.09994403608829,85.03208073040621,11,26,7,8,9,57.95436398403632,0
8,62.4493770288035,99.97741386289044,9,28,7,9,6,94.8176992129755,0
10,95.15226225153302,99.73094696591244,19,8,6,6,5,66.20679901332439,0
4,59.330951084481995,64.4345364482102,17,7,7,10,6,33.3743951964627,0
5,49.467490342316424,81.51899321444084,10,25,5,5,4,88.1509889976339,0
6,34.947502623947265,95.58125839059424,1,27,3,2,0,21.036860725084523,1
7,68.09703753845359,87.97179125419292,17,25,2,7,4,42.25887991182391,0
3,45.943200476164435,39.78784813945581,6,16,2,2,2,32.58796537174234,1
9,65.67997156853774,56.04353082480748,14,1,7,6,4,77.81505844907355,0
9,42.79964192642707,30.3327532121196,10,24,2,0,0,13.660370630274823,1
7,66.576412604072,96.32408218069779,17,23,5,6,4,96.9762246874723,0
9,68.67775212095987,68.49397075607041,11,29,3,11,4,57.20848206145104,0
5,51.14817113702371,38.29142444027702,5,2,0,2,1,22.165281332310634,1
13,77.83396032020946,73.73605475246853,19,7,7,9,6,59.50646082132367,0
6,68.21593404616664,69.45025923663167,12,11,7,8,5,46.86710658719166,0
2,102.20585960965741,48.65301744262724,19,0,2,6,4,83.28291058458932,0
7,52.08103289843247,29.08460737597032,15,9,0,2,2,32.30629838673391,1
7,33.83409343000971,73.72585564742397,17,19,5,5,1,74.25517674548279,0
6,82.36136987860084,61.62461607230347,9,2,5,5,5,76.40185289887967,0
9,76.93054036626,81.78547133885115,7,5,4,3,6,59.7179072096737,0
9,49.83133958937708,61.61308008895947,17,6,5,4,4,54.9145736902271,0
3,59.96435311943459,88.1745200254832,0,19,2,2,0,12.226122512475966,1
0,52.87337506044982,64.15254710195885,7,22,2,1,1,21.876659355808705,1
2,80.0,64.87503772283091,5,24,3,2,0,16.954809595652172,1
3,80.0,90.1322882126676,4,26,3,0,1,16.6893342386788,1
2,60.835539414869984,52.27862929699177,14,17,5,8,7,70.43761640152144,0
2,5.0,30.72121827605126,14,10,2,2,0,46.011659142934775,1
0,64.73664932254533,22.302614105067118,1,18,2,4,1,31.839525998208835,1
9,60.187755319466945,80.41098045388952,0,4,4,5,2,54.61084990450858,0
4,64.34481344741263,69.62476410827718,10,18,5,7,6,70.36971067315814,0
2,47.582060524636816,76.32638144793788,9,10,8,8,5,49.9775977361726,0
8,31.06713906370787,37.03713292071286,17,23,3,3,0,16.3416856542683,1
2,52.245396202107855,30.90971804694158,17,11,4,3,0,46.18144562016384,1
4,8.811284417475491,21.163573253430556,16,9,0,2,0,17.963940730842722,1
3,74.94542904217512,48.04700470452776,7,7,6,7,10,56.153212236452056,0
10,87.73158985515299,67.19341494837064,14,23,9,9,4,68.91356395536575,0
6,52.45888060826616,51.379523607978584,7,27,1,0,0,46.45045583382054,1
5,51.51463194809857,54.99799376189833,16,27,5,7,4,69.06229347734185,0
3,94.26358376783179,92.33269555949987,11,8,7,7,6,85.61661724786845,0
5,80.6578344045408,47.86043736186403,7,3,7,3,6,79.79511907464855,0
7,57.654285862422256,61.119159132784866,13,4,7,5,5,100.0,0
0,44.797455045694505,82.69224101929144,3,20,0,1,0,44.136577311374836,1
5,94.13071446908604,51.72342258570161,0,7,8,7,3,73.06000571616538,0
0,5.0,69.76693601822987,0,22,0,1,0,9.292234671276576,1
3,51.99679544252675,88.98909669973962,18,8,7,6,5,66.96335238724997,0
2,61.731025930564094,95.96164989261138,15,14,5,4,6,53.08743629370255,0
7,6.955146452930208,31.765878474323035,13,14,3,2,1,25.495238154022893,1
2,66.22810341705024,94.12701001291956,15,15,5,9,7,85.13487215397473,0
6,88.77914356469702,59.369303446363055,4,13,5,8,3,66.38418678109053,0
13,39.40451839781328,40.659551063916666,8,7,2,6,2,74.10903605397007,0
5,58.42051679461987,56.7308604990609,1,17,3,1,0,35.02372185912029,1
3,73.61742222964865,98.40260602283817,17,9,2,12,4,82.69527139309031,0
0,31.347249673329436,59.40944751942957,5,27,1,0,2,52.30052219151159,1
6,57.459027706045184,46.300128823000655,8,19,9,4,4,73.65430032234737,0
7,34.63886561651206,70.67206834533806,0,5,5,5,4,67.48552711767454,0
2,54.70264226108182,39.21164950225545,8,11,0,0,1,34.203041937777826,1
4,40.1276308192663,26.06906624869311,15,1,3,2,1,7.836177756030697,1
2,5.0,30.310377752851938,12,6,0,2,0,14.81943801832583,1
3,5.0,30.243667116621793,8,15,0,0,0,39.99071419589185,1
0,28.420315601201906,32.15221548098355,12,2,0,1,1,23.138074377734437,1
3,61.12202503339978,31.10617381195281,8,12,0,1,1,6.877113124629414,1
10,43.75065393102901,71.26997958425717,10,2,6,8,5,61.125312769863314,0
2,58.28154328448068,34.55040675193159,3,26,3,5,1,25.73075019090711,1
4,20.259076421273694,47.65338266590906,1,17,1,0,0,42.12844805452015,1
4,53.23276239998385,91.74307279248094,5,10,6,8,3,61.79172339601041,0
4,45.74685734753373,57.916931221029785,13,7,6,7,10,96.846861554626,0
9,85.63885070903837,73.40461908168217,3,5,5,3,5,74.44276830982696,0
1,39.79295420184527,33.78558969613039,5,0,1,2,0,23.42769451089306,1
7,36.52252359370827,35.38312150469366,18,27,1,2,0,22.92148564903884,1
6,66.77184276591214,23.26948930131831,5,0,2,3,0,0.0,1
2,25.897789596680788,33.514805045773166,1,22,4,4,1,18.289555762581763,1
5,54.73069393381777,42.287227122556686,17,7,5,5,2,63.872507227656904,0
5,40.399909724128385,34.160838742139745,12,4,0,2,2,48.45942005289556,1
5,32.00346531426947,27.096202700564447,8,27,2,1,0,12.546480494990732,1
0,80.0,29.650869688048065,18,15,3,2,1,31.93378493939573,1
2,36.48839100751811,56.86230144261806,12,10,5,3,3,85.43316162518417,0
2,31.813188495627514,36.5066974724634,10,4,1,3,3,25.168122297938485,1
4,103.54401019932192,49.14158888384604,0,3,5,7,5,67.90728957500394,0
9,5.0,60.27338166838855,6,29,2,5,0,28.709349993613785,1
9,43.70242671191176,75.23158629034923,14,5,7,6,5,75.13179130164485,0
2,42.29883543518263,23.144971187287915,0,13,2,0,2,10.788656574723117,1
12,60.492155155709156,83.95283191272341,11,21,7,6,4,79.90388060059824,0
8,62.43378284775838,70.23203115927262,6,18,3,3,1,7.667559368068538,1
0,44.58189663292759,26.540722555909753,14,8,1,3,2,0.0,1
5,120.0,89.88628992854218,18,11,5,7,2,79.77762357970533,0
13,64.96896199631728,93.66979204254505,0,10,3,8,1,76.9436916923967,0
8,29.62724005030848,24.8862367883891,16,13,2,0,0,48.96512495057475,1
7,99.87419518011069,42.1502118517763,16,22,4,6,7,87.96241774846546,0
8,82.22141810221142,84.4961023834449,2,15,5,6,7,71.30041857228301,0
11,54.670671379604244,79.86077523069267,11,0,3,7,3,81.14493116408727,0
2,5.0,34.76168154851018,5,12,3,0,1,33.49266086155259,1
4,36.09130306954472,36.747945866936824,10,22,2,2,0,39.50325125133615,1
4,56.729682759298825,49.63776822331056,2,20,1,1,1,29.84005946113017,1
6,18.645548459229097,58.761838815281706,7,20,1,2,1,41.583897179342266,1
7,105.74479929209338,69.46038172242368,13,29,8,6,6,81.90902681365765,0
4,61.32019075568086,49.51309116558179,13,12,8,7,3,73.20394861846474,0
2,99.91143472964853,57.002777290651835,9,1,9,6,4,51.860132983323794,0
7,95.56869915931429,79.79767505070052,1,3,5,6,5,74.54115688757564,0
3,29.357122196537958,22.934656231247832,13,27,4,1,0,6.976969078910699,1
6,90.66379728726295,40.19495554752166,8,5,7,7,6,78.7559404228273,0
2,17.52243189748812,77.0679668707642,2,25,0,2,2,31.710794447101414,1
4,47.56092520855766,91.61654701497595,7,26,2,3,1,18.904647229443647,1
3,61.50803667955715,60.93419536925329,15,22,9,6,2,79.8475912476284,0
3,55.629944789212644,62.569078821225254,1,26,2,2,0,19.604610014487648,1
0,22.714294761189283,28.573760907182084,5,4,2,2,1,47.809013526448176,1
9,63.85903318149797,55.79298934587637,11,24,4,7,5,66.52872908192512,0
4,92.87132089857226,62.60938131640185,4,2,9,6,5,73.68292258084253,0
4,67.4896996285512,39.39764029077837,1,0,1,1,2,17.008101803793295,1
12,53.134033774300946,41.539458475950475,15,3,5,7,6,78.86032067266287,0
7,5.0,50.18273304836981,4,24,2,3,0,34.02904355654863,1
2,19.91840734089945,21.60569582221811,14,19,2,1,0,24.378130565053215,1
3,20.0,45.76633324665426,11,1,4,7,2,74.5473074256441,0
0,43.03314544290035,36.91584055972357,3,25,1,2,1,14.761899307696815,1
10,77.83657415432204,46.19978817423317,14,29,3,7,8,58.75499573581129,0
8,27.328209690123746,29.580970545540097,10,29,1,1,0,29.15491496678651,1
6,87.83401162139151,91.2421824591916,15,4,9,7,6,50.518874700842616,0
2,56.55212831346996,67.48739628432389,5,2,7,10,3,95.83401086480538,0
5,76.72999577641802,74.32818553155917,13,28,7,8,6,92.29226987715016,0
5,38.660812576652944,83.13369908858706,17,27,8,8,4,76.77550301463909,0
4,78.14180766797664,59.87537591432458,11,28,9,8,3,66.64902375486864,0
0,57.6479417957996,26.953623046993897,10,8,2,3,1,3.2967554985894516,1
5,50.10287295064918,62.968523345483824,12,19,3,9,5,81.37098559260951,0
4,54.803957360244496,66.94728944167034,10,5,4,8,3,96.36740349252926,0
3,55.79969114216895,79.6351579347464,15,17,5,9,5,61.44404890604885,0
4,72.5999645160319,54.53276369837435,14,5,5,4,1,53.236209360650136,0
2,60.65315033244025,30.2064242236451,14,18,2,2,3,35.59781160130941,1
3,69.0768047424377,42.702072463897956,3,27,4,2,1,22.43243207137698,1
5,86.9367989093833,49.046583711890804,10,11,6,7,7,54.87203787621031,0
5,80.68694426907568,71.67337930652809,18,24,4,5,6,66.29713161233721,0
8,34.631691487238555,65.66226437351295,14,10,2,8,4,46.59349798292453,0
8,89.90335330317212,48.4877380718277,3,1,4,3,6,86.68223594209897,0
2,88.7473482850736,98.92121990343837,12,14,4,5,3,82.8535790575765,0
10,86.60322744692608,68.46198554855097,18,11,5,6,5,61.378101591770246,0
6,78.23212134126643,38.97814333887956,1,11,2,3,0,1.9872855896916803,1
3,27.17670141206299,28.1425978096323,13,8,1,2,0,60.0,1
4,34.69870006222841,32.22873113474656,3,20,3,4,1,4.548936289937288,1
3,21.946912800243606,39.67661827076065,15,23,2,4,1,27.721885104138085,1
7,80.0,32.85450986076445,19,1,1,2,0,0.0,1
0,44.84141340575935,34.925361924104465,13,21,1,0,0,0.0,1
2,68.27565803985094,42.807613495507766,14,2,3,4,2,73.8448697945328,0
7,57.27847099924892,33.86988762358038,2,11,1,1,1,27.615513816524548,1
6,55.38271558620066,91.74123397011401,7,27,3,3,0,43.92248486203576,1
9,36.24545952840232,26.418699652931377,15,29,3,4,1,30.99320261523559,1
10,50.054700840631696,61.960911165620374,9,25,6,7,4,71.2023964073133,0
8,60.722911409881085,52.83174615917292,3,15,5,6,4,85.57981430979602,0
2,48.03627232443701,98.59028935268852,17,20,4,5,4,40.1172165047618,0
7,5.0,28.963112173444188,1,27,2,2,0,38.93276869075336,1
6,61.87779285953194,51.82844792365933,16,23,7,5,5,90.74586097872407,0
5,71.93509836877601,97.55763466202951,12,25,6,9,10,62.32197398359723,0
7,72.82857255444628,89.24057007151842,3,29,1,1,0,27.16078347289745,1
8,41.08963704509353,85.3657656759424,10,0,6,8,4,91.22115729039719,0
0,73.25862894379675,40.632226163595185,6,20,0,2,0,36.577757287101925,1
2,36.798510267833905,33.67100699120527,11,2,2,0,1,37.47599707522266,1
8,91.49059580459863,73.49145759395448,9,19,7,9,1,65.68961688775548,0
2,74.50539444030093,94.35007913020686,6,1,4,7,5,100.0,0
5,82.13524300412814,64.54103144111438,12,8,5,7,6,98.11636670399866,0
7,35.69607352879639,65.72901515759199,6,18,0,0,1,38.992583385433555,1
9,63.80578376386855,42.39832749282273,16,14,6,5,3,60.87769672569386,0
13,58.510265891674486,81.55943465535495,9,17,7,7,8,71.75561553371895,0
3,54.24963528867609,34.96349988460187,9,25,1,3,0,30.16000159457554,1
7,80.19027127859371,45.89433891233949,3,10,3,9,1,51.349618935859695,0
7,66.25339380357399,54.034915089313344,19,24,4,9,2,71.20061903822891,0
6,20.594573481835223,60.6088302947564,3,22,0,1,0,28.778041724770382,1
2,12.942682220719224,39.392778593206415,6,15,4,2,0,18.74962019806397,1
4,42.9756126961461,29.186945979136283,0,21,1,2,0,21.687185798056728,1
10,70.42445301668516,68.8496033953306,11,16,7,6,4,90.62196955082169,0
5,51.30812210203058,43.09044425922046,12,4,5,3,7,61.59163982358448,0
8,71.55170778972781,66.49905771380898,9,11,4,5,3,95.41263637286585,0
3,80.0,32.34901722193619,14,10,1,0,1,18.304022517767265,1
4,78.89936630752352,58.4912081483854,12,29,6,6,8,76.61623992790605,0
5,70.62126852797863,62.60715460412687,8,14,6,7,4,65.39840973004554,0
4,46.64753667039219,24.145882945794153,8,26,0,3,0,36.38134288984058,1
4,76.61734056812702,46.92834225551365,14,2,5,6,4,60.74051395362932,0
7,46.321357394599026,30.75317415511794,9,0,4,1,0,30.280372431839208,1
0,51.67766044568002,25.06999763782142,9,19,3,1,2,25.107298841462313,1
1,65.68209390357795,99.19681859119562,7,28,1,0,0,34.62437848661813,1
4,76.49563188220229,45.788307597977834,15,15,3,5,4,49.60047679491589,0
7,79.59879482296557,84.7899556683708,16,1,7,7,3,76.04755249951585,0
5,49.85610024946043,40.37125238110111,4,1,9,8,3,76.33021539116041,0
10,73.36461082367389,74.52021777791434,3,2,8,8,4,66.74927482920359,0
10,26.773922273952763,80.81822879117493,17,7,7,8,6,98.00846930771213,0
9,79.6506741964237,67.65109924862755,18,23,8,6,4,46.54106102649019,0
9,38.86422808227446,57.72609508401267,3,27,2,1,1,12.577897935806549,1
6,84.95092251572919,52.947273131781486,6,14,7,5,4,59.037476504534936,0
3,62.09906295660865,47.90946132343962,9,6,4,3,3,80.65636801137174,0
12,76.1809367004807,94.36233153982607,17,5,6,8,3,54.16233043849239,0
4,98.47907691082334,86.44955262301833,18,8,8,6,1,55.28543622210887,0
7,45.13994891171661,97.20215285332101,3,19,0,3,1,16.374127057189447,1
2,13.527008583156423,29.943777878843576,9,27,2,2,0,14.031085400094327,1
5,72.7863926145912,78.46939801629154,0,0,6,5,6,75.655913644426,0
10,92.21822289468867,95.06723654568303,17,7,5,7,2,81.72143379198292,0
9,47.03324709948118,34.498645293252814,4,22,2,0,2,39.020766187427384,1
3,51.37289232025541,25.3197013893422,14,22,0,1,0,40.24964810973823,1
5,96.71140911073513,79.28965194320472,16,2,9,3,3,82.14668908842137,0
3,89.50401083369532,65.95784905439295,2,3,3,6,4,49.826698288282,0
5,77.3852755529981,87.34630214066176,11,25,8,6,2,37.85920230402181,0
3,32.27954404258604,31.18179013010316,1,24,0,2,0,37.43910529849701,1
7,69.00179533917677,83.62138494879122,0,14,2,5,8,83.96309933598538,0
7,44.99218916419424,36.13018560381956,16,5,2,2,2,29.339569538106417,1
7,5.0,33.09247542925636,15,14,1,0,2,42.1274639160435,1
3,36.314219963345764,33.14126383447943,4,20,2,0,1,13.912951611539448,1
12,49.485532100507854,85.16597761851057,14,2,2,7,5,74.73245212485237,0
5,12.710582927654382,73.215777655696,2,24,3,2,0,49.51908267641802,1
4,21.434683226880082,61.845233981529546,6,20,3,0,2,22.047833153535596,1
8,62.00458977113885,48.7064387298802,10,20,7,9,6,82.93086385819817,0
8,73.14291567405068,90.17604326504866,9,13,6,8,2,68.3272165524131,0
9,69.95523767051638,51.395608593810834,8,19,6,8,5,100.0,0
8,48.65132134079001,85.32795515772617,13,13,5,9,6,37.34145896654896,0
6,44.81870177103613,55.13079268561747,12,3,3,8,1,90.53671551512126,0
4,49.893697480055295,50.155554353992606,1,11,3,8,2,64.0876285521089,0
5,42.46858363407298,57.01438285356851,2,16,1,1,2,13.959021721890254,1
7,77.3321249402761,44.110229933131365,6,6,5,7,6,62.09567284652512,0
6,54.08564672958777,79.80875041410009,17,8,7,6,1,74.16218862006198,0
7,104.92981263189243,60.217631207398334,2,2,7,10,6,85.56200004347565,0
6,28.214925384098645,38.57701561174538,9,27,4,1,1,32.766367235632615,1
9,86.16719099331416,91.96596586196547,6,12,5,5,6,91.32839633056514,0
10,67.606821950537,50.711297709856915,8,14,3,7,3,55.51926968943258,0
7,100.28561471440968,63.48422888911909,16,17,6,7,6,86.95247038399175,0
3,65.63988737757752,92.51776887716376,10,18,7,7,6,75.86927435681311,0
5,69.37477171691508,69.93903967311937,6,0,2,4,4,60.18095468606518,0
1,23.252384206350662,29.351843256669127,13,5,3,0,1,31.368776440707173,1
2,84.03646081086688,95.18656988907802,18,26,4,6,3,59.352360108329144,0
4,58.505637854336626,70.21664424571343,3,26,1,4,2,1.8455421718947278,1
0,43.37302735220391,46.79244917256689,5,22,4,1,0,39.511441287310866,1
6,53.52714095349817,31.141765813070982,9,26,1,0,1,38.62621358629243,1
0,39.24625758515524,83.52201514162368,6,26,0,1,1,35.66161037762791,1
5,84.30473167782465,69.60582047428107,12,1,5,4,5,79.43095822389455,0
8,62.13297750354254,62.67688735810572,13,23,4,5,6,67.18604499862582,0
6,38.25623860643092,91.51140664407662,3,13,4,6,2,90.51476955903959,0
6,65.8536780798351,83.08777689796246,7,5,3,5,8,66.0935412025733,0
5,67.04725091852302,32.1339903786201,4,13,1,0,0,39.82789156971163,1
11,106.10833692839562,44.93776542364386,0,3,7,7,5,79.90733473518546,0
3,80.0,39.87913118515726,3,20,2,3,1,5.376201168634427,1
9,61.46857494338853,79.51570340581415,2,7,9,4,5,71.27196593539215,0
2,27.45814350455408,22.682594778862352,8,29,3,0,0,28.848660937739616,1
10,97.11610678863002,65.59117478970532,7,2,9,7,7,70.25061077106962,0
5,37.07038658543677,80.99669485925524,0,18,2,4,1,45.308377889851386,1
3,60.128220800531096,90.14125094093995,5,29,2,0,0,23.57274231914831,1
6,81.17390565843638,47.366539897272595,8,13,6,8,4,49.97016191866743,0
4,45.215336349661264,85.70058437376103,6,26,1,2,0,0.0,1
5,28.43575803560492,28.850538956416578,3,19,2,4,0,31.29012808692438,1
2,52.14453385447699,87.71618333876145,12,16,4,8,7,62.70261076681772,0
0,38.70455480404247,30.199092986558593,16,24,3,1,0,0.0,1
4,77.68418443298924,51.78298324482938,1,7,4,4,4,73.33581721202046,0
5,29.001503350713087,83.78362926236429,4,23,3,3,1,3.14240952368565,1
3,29.798720998078352,31.993394187901902,11,13,2,1,0,22.578581529507748,1
0,45.74545028054854,38.34011161861132,7,25,3,0,1,25.521538721416853,1
6,75.60471892004989,77.7802054714453,5,5,7,7,4,65.07150225620563,0
7,28.034413316043043,77.60292292368595,7,22,2,0,0,2.3862229785409355,1
10,72.29690180555507,71.29181063082379,17,21,5,6,3,72.85465188095586,0
2,87.37596676611099,75.515875557368,2,15,3,9,5,81.4689939645337,0
8,70.46208692001463,63.417955467807694,11,24,5,8,3,46.37680018805898,0
1,56.60996267971904,40.14392471255622,2,18,1,0,0,18.523732374533083,1
3,57.751542181982636,47.65567948031355,5,13,4,4,4,92.62504147086594,0
8,5.0,34.527817344114055,1,18,3,1,0,6.737510106762006,1
2,110.53634232084785,92.67604490669027,11,2,7,6,7,82.7640539166367,0
7,87.25509183905373,66.67134358128963,1,9,5,5,3,78.05237025933513,0
0,38.424231998394,52.06811334109119,5,18,3,4,0,47.15383033322049,1
8,64.363103012058,56.96046429153061,16,8,2,7,3,98.76772002409999,0
0,54.82033902672899,95.78266716894522,2,27,1,2,1,34.43702947386675,1
4,34.23699475154967,32.26811224928642,1,19,2,0,1,2.148369127965701,1
7,41.60245671458142,66.89838656134378,19,12,3,9,3,65.94561523563257,0
4,72.28952117637559,60.47109431075728,7,6,5,3,4,100.0,0
6,67.82944314870305,68.91633883477184,11,13,8,8,8,46.45965485912208,0
5,39.51741779090053,21.44881470566724,3,8,4,2,0,21.94174796530218,1
5,50.21201380820627,89.76991271553212,4,26,1,3,0,35.738757107283476,1
12,34.8358224668913,94.56946259868899,12,27,5,9,5,71.87145794316078,0
13,64.97764330715118,65.21065468713672,14,22,4,6,4,51.95963456657699,0
7,50.5567556411335,75.73206591015138,15,24,4,7,8,68.36873465749574,0
9,71.59159093113121,93.79995049418366,9,27,6,7,5,40.748572599718614,0
2,98.68354073040653,76.57909074507188,15,18,3,12,3,79.26430997626976,0
1,22.9763903510503,32.20312343314091,11,14,2,4,0,0.0,1
9,53.99554529200192,66.10306881334506,16,19,5,8,4,64.24084566904811,0
5,58.94614092433006,68.53720371062848,15,13,7,5,1,67.97304989386447,0
10,62.36737809173577,53.93045370419088,11,23,7,7,6,67.54889153903032,0
6,84.80251328210488,78.91553884997782,7,5,2,5,7,72.71366012837538,0
5,66.52911164877224,94.74936118152118,19,20,4,8,8,69.42745619550358,0
6,49.078104588826946,94.04548103254211,2,28,0,4,1,53.81856125634419,1
3,57.48453912536448,56.06714971233057,15,3,2,4,4,88.49558700176419,0
2,27.503307631310353,29.05904366726042,12,7,3,1,1,14.631813433133242,1
3,85.5559526175543,98.78729591698676,18,16,9,5,6,65.36007260838555,0
0,54.64302452109471,87.11184691567473,7,29,1,1,0,31.234950588079094,1
0,60.14608714946525,29.97301449626135,4,8,1,3,1,40.23784778489466,1
9,71.04745537455138,93.66735060938979,19,0,7,7,4,40.43918077231645,0
1,22.711465893285606,89.59170896497027,7,23,1,0,1,25.128064227687535,1
2,65.97160199846053,61.50704457008577,11,19,5,6,6,77.44519616605739,0
2,24.991797444906876,67.30203485959434,0,24,0,0,0,21.396866934962198,1
6,69.1878753664294,51.920216309610424,19,13,6,7,6,61.32023418819317,0
3,49.16778019914137,24.380931105762507,5,10,0,0,1,32.39676290824008,1
3,75.1786085645138,46.815779331672076,17,20,2,4,6,56.996121409833485,0
13,80.73614938449808,84.22827588784091,7,2,9,7,5,80.402437309069,0
6,32.377246066531626,20.37056184036823,6,8,0,1,0,12.91897494901629,1
1,52.074264810883925,46.679933735291534,0,26,0,1,2,25.30407838183432,1
5,32.806739189004034,51.85349548727547,15,13,6,7,3,56.419957487277216,0
5,56.30375780522208,62.99164823503383,11,29,5,8,3,48.17066536148177,0
8,68.11461858470199,93.58844931302085,5,8,6,7,3,83.05267262120157,0
9,78.24711938171896,47.707679549276904,19,3,8,8,6,62.20262166739692,0
3,70.75102638068687,47.75625615169822,1,26,2,0,0,31.040772839047325,1
3,32.83417023549785,79.00009984877987,13,3,3,3,7,47.378861802984844,0
0,28.109926081019857,56.17743527118457,3,27,0,2,0,42.46713770575009,1
0,49.562811511116166,37.96838583519856,0,7,2,2,0,10.53013616657415,1
5,28.45542548578858,56.195161290615474,17,1,0,4,1,22.523760064435216,1
7,43.050517657952334,31.26856163038399,12,8,0,1,1,60.0,1
1,8.969251580637465,34.110958920497865,1,28,3,1,0,23.81316666423237,1
12,72.41269521786909,59.869421819158376,8,13,3,7,8,76.1842089721525,0
4,13.045815393811932,53.514035960363834,1,21,2,0,1,39.456068157596604,1
6,81.67674163078118,93.187672085448,8,8,6,11,4,82.74282980491186,0
0,39.350379283158105,48.99151192933065,0,23,1,1,0,29.657189155089,1
5,41.82078506415921,66.44706802224349,10,22,5,9,2,72.30771490324962,0
6,75.50004596583622,70.58114303356243,2,15,5,7,4,62.168921432524606,0
6,79.67408270957503,21.04755652706669,19,28,2,0,1,13.6883128031341,1
9,55.143536422040455,73.08298976133685,3,29,2,1,0,8.246207321317613,1
3,48.34190648846492,34.24287734958011,17,16,1,2,1,17.85984999968723,1
8,93.90354823022832,96.88562539755641,5,15,3,7,10,84.18533556245733,0
5,51.42282484076148,31.893018220249036,2,29,0,1,0,42.77476671400474,1
9,75.37701572801984,53.1699298981619,10,11,8,5,5,71.03125085145358,0
4,65.33322506396824,26.82797344629151,14,2,0,3,1,45.94896769334767,1
4,69.09911763978153,99.74994014767579,4,10,6,8,5,53.68099812056388,0
5,61.34680973206816,60.175600826499405,19,13,6,6,4,75.73196913836205,0
7,77.8491203694104,67.6308013856035,9,17,8,6,1,55.13953735695652,0
0,20.249540751460106,25.3661181910742,11,20,0,2,1,28.14889078619497,1
5,54.82639633815829,79.99683763193423,14,20,1,1,0,15.513414428857375,1
6,50.70917494819267,36.792447447646865,16,4,0,3,0,33.658084787919265,1
13,84.54335977784201,91.84434315525709,9,15,4,9,5,82.34263109824536,0
3,5.0,36.41117123856057,5,19,3,1,1,33.044350938482026,1
2,61.28341404682088,35.255017653093326,17,4,2,0,1,40.37701906836372,1
7,80.0,22.923973427847592,12,2,4,2,2,11.43113179430389,1
7,96.45406439977958,57.765355608799936,2,11,6,7,7,74.79734593921098,0
9,73.51148169851643,65.18729066100931,9,0,7,8,8,93.08270935704016,0
0,34.73677455880347,25.25669115426819,13,20,2,0,1,10.885960710356718,1
7,12.55180524877386,82.04220933560084,5,28,2,1,1,32.98174201279573,1
3,33.88735115186409,56.26310677984221,2,8,3,3,0,43.238103432984715,1
7,67.57957937980872,61.951221546206405,15,28,8,8,5,73.95799031354417,0
4,84.54342519067899,55.26101975505825,6,8,5,6,4,64.07980437009245,0
4,61.92593132004186,52.06104487002608,19,3,8,4,5,74.17578542981325,0
5,86.58298070119083,64.77122650465743,13,2,8,10,6,86.68490236585394,0
8,40.06120233477146,32.419219674457,8,16,0,0,0,8.110736557969087,1
6,51.692459049734815,34.55425043962169,14,1,2,2,0,6.360697825826271,1
1,44.75659081516672,88.94284968108138,2,23,1,1,0,23.817611807898178,1
5,65.00688923562161,95.68923697069062,1,0,3,7,2,77.84740050103244,0
3,74.15084589777484,49.864745302380236,1,7,5,7,5,54.608978758882635,0
8,43.064286757691306,41.6595738514843,2,12,9,3,8,67.30401228984819,0
12,106.95733991404205,71.51996345912126,17,22,5,7,4,71.07496209626277,0
6,93.81059287435353,52.698733687847714,13,14,7,6,6,80.4494725182662,0
0,27.314505663653726,22.03090845282759,19,7,0,3,2,22.831198490103283,1
5,62.576949750987794,32.49220778929523,17,11,5,1,1,52.350384430546995,1
9,90.59208722839386,77.2777783077918,9,21,8,6,5,71.80524873065757,0
2,109.64940900337855,72.71391535281211,1,11,2,5,3,80.80685342614105,0
2,30.100708982185985,22.16767940027868,0,13,0,0,1,30.280173866362965,1
6,19.680091376639417,37.75777295463595,3,14,1,1,2,21.794842441176765,1
7,5.104792247893968,38.48598372704571,13,14,2,0,2,11.508280356104883,1
4,53.61226339002418,73.75141948789827,0,8,6,8,7,91.83114223258043,0
2,33.52182293568156,21.57684302034913,13,18,1,0,1,10.128365734057649,1
3,44.237583576577684,28.32868655876591,15,25,0,3,1,11.805905362540152,1
2,73.5120709960874,83.99328682985515,13,19,7,10,3,75.4576065143892,0
1,31.084850804063024,34.28357296434669,19,28,2,2,0,17.10751943409719,1
5,22.360784714656518,72.21968862814998,2,21,4,2,0,27.803905788317465,1
5,11.14570427994575,39.05462248373812,2,7,1,1,1,44.22967543565029,1
8,49.60127235808208,27.955311420747613,8,20,1,2,1,23.682874725477195,1
7,67.66389030658686,39.453775279956325,5,18,3,3,1,56.18735047700206,1
5,86.4028718824612,77.78135454845273,12,5,7,7,4,53.73294064631825,0
6,54.198654962944744,88.45571744850287,1,19,0,0,0,22.741246774376084,1
1,52.77086634535198,86.41758916535933,7,24,3,3,1,16.91030614583532,1
6,73.95247559418682,51.77468236947639,1,28,0,2,0,39.047599090855115,1
2,46.641629228336214,73.44681092565169,3,18,0,0,0,0.0,1
0,52.92259352048343,36.39874363326568,14,3,4,0,0,3.3532706623328323,1
4,33.58432276296002,43.45181842088106,3,22,0,0,1,23.38979766323556,1
6,58.523601721797625,91.70686548168958,12,6,8,7,1,59.9595064132187,0
0,26.323021990008474,21.04015388085888,11,27,2,1,1,28.38762751055961,1
3,39.816819229306894,26.840682468357446,12,27,0,1,1,4.726788186036494,1
4,41.21570745002606,36.630900411682184,13,3,1,1,2,7.0425011096465475,1
2,78.52571709710787,22.122576309905575,19,21,2,0,0,50.09484554267429,1
0,41.62554335182137,34.51483480718379,17,11,2,1,1,15.682978018056389,1
4,84.92047905965633,66.64332487757537,5,12,3,9,4,72.09737906989079,0
9,57.449199945118544,53.713964047399834,10,2,8,11,3,99.54485027426642,0
5,33.766482284695314,91.41373688615799,1,21,3,3,0,40.16645508380486,1
8,77.2151150932767,85.39548493907527,18,11,8,8,1,70.59193298955896,0
12,71.44576694249739,47.34538813583008,18,1,5,7,5,54.10867889376915,0
5,50.53962782727506,40.7538746745034,4,23,0,2,2,2.1234153847845896,1
3,65.46945055234323,50.375392653381354,18,1,8,8,4,95.25958045104007,0
3,58.858772397944676,67.22359540118461,1,26,3,1,0,30.026891996104958,1
7,110.16946021963399,41.4450912658301,9,22,7,6,2,78.8056363610175,0
10,40.55291876978444,69.93191262793073,1,8,6,3,6,75.89361038521588,0
6,84.67900956728477,52.752932175299236,10,0,2,5,7,69.63742860462688,0
4,58.50796283633218,64.16377446815842,17,7,6,8,1,77.79154934787607,0
6,63.284427645191556,54.890122330825335,14,22,3,8,4,52.59969427085067,0
2,63.65794334852069,43.55726076335341,8,5,6,7,1,94.84483761705336,0
3,53.93131451657486,95.87626455697253,18,5,3,7,4,98.87268242685282,0
9,81.42448420472479,81.08846353278086,8,21,3,3,4,70.7065704663897,0
8,44.16983941151162,31.209054061316202,2,24,1,1,0,15.851459395761967,1
8,79.40027322493323,89.47743807183302,8,17,8,5,8,64.01458102675119,0
2,72.0676399242419,58.99449585996109,13,16,5,5,5,76.00647990784421,0
5,50.27119001801507,91.56417815152732,18,28,6,8,3,91.4783359566177,0
3,80.33650531648902,83.98842047578522,6,11,5,5,7,63.11493309665636,0
10,113.12699263458597,54.017080357538674,15,5,7,5,1,49.27676411680842,0
7,5.554861320849618,21.797544665609394,15,25,4,1,0,50.32235579354186,1
3,25.590898586498824,41.494188750795686,0,26,0,0,0,30.49491225311616,1
7,58.778217380380056,63.330737172869355,3,7,5,4,8,62.06463024041834,0
9,48.20766553573784,70.67825758609177,3,18,0,2,1,46.00149717741721,1
2,64.29333560265805,40.631014834656185,6,27,2,0,0,15.585059559599555,1
4,37.102664897078114,31.14848592582593,7,9,0,3,0,2.676126807654512,1
2,53.088956472907725,86.79441894394392,16,0,6,6,6,58.27660211163123,0
2,40.32748483862587,98.75217445628417,4,24,1,4,0,3.660497961783939,1
0,20.261145269968864,62.055214584214866,6,28,1,1,1,60.0,1
4,5.0,33.73434286786428,19,12,2,0,1,46.83247438118415,1
2,63.226618922324846,41.784586121549516,19,16,4,4,3,67.32126595728661,0
3,43.47894416825623,21.471254123797337,3,2,0,2,0,25.93670464994694,1
4,27.63649915799662,93.14390452483993,5,7,5,1,0,33.25860390552397,1
3,7.616538869682699,29.42008663121129,6,13,1,1,1,18.10786852071034,1
11,75.38612379124676,66.12131804114028,17,2,6,9,2,73.22297064195797,0
8,92.98974728020737,41.92441765497648,4,15,7,8,2,64.16297356035155,0
4,38.51316564536074,64.33424020126347,19,12,8,8,7,99.94228479632389,0
8,77.28097060823517,72.11363106814915,2,19,3,4,2,13.139340707671499,1
3,5.0,86.37934429657614,6,23,2,2,0,3.167897865740265,1
1,26.00798382595272,36.513701740848255,13,16,2,0,0,47.16890104239303,1
4,35.812487733761735,20.879666292678436,6,12,1,2,1,52.235161826204745,1
3,69.09652348293301,30.950850405504582,4,28,1,0,0,3.9560639138033373,1
8,63.764288534879505,92.0014913478484,4,5,3,10,4,69.51971793269394,0
8,78.71722051361209,89.91120620500122,1,16,1,0,2,39.27077475251156,1
6,92.7291114864969,67.79304817362467,5,13,8,9,7,74.92802130870922,0
11,72.0623585143441,68.04134883469227,14,16,6,7,5,35.91787516644089,0
5,60.97109219350133,73.20293396370045,9,29,7,6,8,46.16515596283337,0
2,31.274739356399422,34.02970228987597,6,7,2,2,1,36.219930979408,1
3,69.24872981267617,93.15295567399679,4,10,9,8,1,61.57601985434697,0
0,18.629584918351224,53.50164199136585,0,19,2,3,0,23.51691061510776,1
7,63.51646277918717,50.65108225995979,12,27,5,7,1,81.24373857060445,0
6,26.049979894759403,61.513416422627,17,0,2,5,5,70.03177631526209,0
4,24.757331029718042,23.757277342004404,12,25,1,1,2,21.748119524681062,1
6,80.0,33.30266950048635,17,6,0,1,1,16.971314440894073,1
5,48.3810146950692,79.04268931410964,4,20,0,1,1,21.80055136551883,1
3,52.265310893222875,26.623893434010117,12,20,2,3,0,55.54064249260168,1
0,62.75553561337325,68.25216875731105,3,16,0,2,3,18.746505458209164,1
1,11.573001093629056,39.627928774505676,16,29,2,2,0,9.384921725743196,1
5,78.68527299844143,51.143649123358124,2,9,6,9,6,73.62872476482248,0
5,41.46701578379306,43.09549894165599,16,10,3,6,5,46.538473547810796,0
6,79.98221013597882,48.45381731719593,10,21,4,4,2,73.37225105037213,0
7,72.55854404749158,77.52367241473964,19,29,7,7,3,54.378530952031866,0
2,82.714530528811,43.769737249854,3,8,9,5,4,57.812952515614995,0
4,60.0150477101069,65.31237122375177,1,8,6,4,7,80.76897078733997,0
5,32.535197763616964,58.08403217592797,19,23,4,5,5,100.0,0
11,60.99263617486664,73.09369322901185,15,4,5,11,3,70.7703813820402,0
3,78.13695270279567,94.94637914598064,17,16,6,7,6,57.74356812039652,0
7,90.30784657350446,78.60576777682002,7,8,5,7,4,72.83005671264998,0
9,54.53023244672121,37.19523028726054,2,16,1,2,2,56.30908242690441,1
0,53.87412225072371,22.494650804902776,8,23,3,2,2,26.930930211094726,1
8,57.04255420706957,40.98112354398601,19,20,7,5,4,100.0,0
0,24.19965806369584,67.60623445602039,5,18,1,1,2,15.72404720559021,1
4,53.85630420601845,24.114065078740026,9,26,2,1,3,28.103237946351857,1
4,73.64341255424203,59.70929977609891,9,6,5,8,4,93.23376930127304,0
4,87.83755269140549,67.74742791335115,12,22,4,8,5,92.29238855527798,0
13,45.45971845422928,46.73951126535687,16,8,9,5,4,40.74883110213429,0
9,56.401882065063376,81.67297629966575,8,6,2,9,9,69.94963569940028,0
5,33.209396866680265,28.527860250701742,16,12,3,1,0,3.34422445607418,1
8,59.21864357216523,26.0110225388647,8,10,0,1,2,17.757989669725756,1
2,52.73620575666344,78.25510049628826,8,13,9,7,1,80.55693825626227,0
5,26.311191958276346,59.63930529649588,0,18,4,0,2,26.033119592706537,1
10,110.08846607350341,75.07219171421889,1,10,8,5,7,54.86195271343915,0
4,68.05377698596817,54.7861870882997,15,12,5,3,3,100.0,0
2,70.30827630696419,39.712162659128545,0,13,1,1,0,41.63811973880096,1
9,56.15869602670617,85.52818541393597,9,12,6,6,4,57.278996096718735,0
12,68.63594939334662,83.95327031751833,17,0,7,3,5,66.95265450499328,0
5,41.86561134880884,75.57571766835414,7,7,6,7,6,74.65279775243056,0
3,68.47521965358804,41.771610978397014,10,11,5,5,9,78.15709980832176,0
0,17.287281904843418,67.21845334952697,1,18,0,3,0,12.994133435549653,1
11,57.778298750465645,48.87791175520214,7,11,5,10,3,60.78714372811761,0
3,27.678575693273526,27.326565866130732,7,7,1,1,0,33.24504720232074,1
2,35.97719051465516,93.38508603697943,16,7,6,6,5,85.59643434407172,0
9,24.59150401724242,30.945490473516912,14,28,1,1,1,29.902786093914017,1
5,75.28963369902748,96.0189883056642,16,20,9,3,3,76.99482473774938,0
7,71.27404719531542,55.68046183663646,12,12,2,4,6,91.3338776286449,0
1,13.826064150277736,21.180424652755192,11,8,3,4,6,87.7669889660684,0
3,88.28592501917056,45.34978620962738,8,23,3,2,4,97.54084417087282,1
9,91.40567681700226,58.080427975140374,14,12,4,2,7,23.348645885624318,1
8,75.7295321742237,77.33499613653387,4,20,6,6,7,56.7493036076661,1
9,108.75063225347817,75.83221878603618,7,26,9,7,9,74.20534106349245,0
8,20.310646950087783,42.165721916037455,12,6,4,2,5,29.080624937742495,0
2,28.07581466071505,25.986774766233847,9,11,2,3,1,51.71915786105543,1
4,102.54675883627749,27.773217016531035,18,27,7,0,5,42.43898134329308,0
5,81.02845421164665,20.001391932936397,2,24,1,5,8,82.68579943183552,0
4,64.39020125775349,81.16236261106712,9,15,6,6,8,75.86290385326649,1
1,93.84675983737033,30.852923903403713,15,25,8,3,2,56.83558467214458,0
7,94.28865550169094,85.16256290008089,2,11,6,0,1,6.615278236466093,0
3,68.80935951817283,42.158874965588026,5,15,4,6,1,76.01635429605626,1
7,84.29613439191229,34.04721721922782,4,21,5,3,9,14.61269382342747,1
1,33.650794348461126,57.11123757917761,12,22,1,4,6,34.289059133345965,0
1,85.88695806920894,79.02446739410314,0,23,2,3,4,61.53408439618695,0
0,50.937946904169145,87.74586703637944,14,8,7,6,7,28.809722727300258,1
13,76.05952342748863,61.689677709636584,14,8,5,2,5,87.17089801737157,0
11,74.09040402716204,43.197329847220615,7,27,7,5,1,8.578264674178849,1
6,75.23548502723057,53.93890734930433,7,13,8,4,1,49.95189596142241,0
11,85.8557326580655,96.38974940856853,5,23,4,8,9,97.56955665403935,1
4,13.842223904345193,84.12239926107209,15,24,1,2,2,87.91039719678767,0
7,29.36365602588815,50.58410774620362,14,14,8,0,0,70.98939014867679,1
2,39.321885147285336,75.68308062984471,0,12,5,1,2,43.53642781602104,1
0,116.09811174313728,54.05015193168042,8,13,5,7,6,63.35273380961887,0
12,80.62579907043558,82.33131320834659,13,23,1,4,9,67.98863572165291,1
8,25.019317626006607,42.85499931001019,8,7,4,8,1,75.73534359997262,1
8,83.40223383905831,53.19503137138574,13,21,1,8,2,38.48748004268563,1
4,101.72223366302362,69.57476821885287,13,23,8,6,8,22.689224972957188,0
9,108.50659354776877,32.34360118009417,5,24,4,4,9,21.81616492832603,0
11,28.916536397168947,78.32436791514331,5,28,2,6,0,13.774087922442103,1
7,113.96877944485429,73.32121406737068,15,14,9,1,9,25.941196494965013,0
10,31.652543996963914,98.90326504135675,4,25,9,1,0,42.464393489278265,1
11,22.68408976378232,77.76250358377649,2,22,5,6,7,47.99488581711103,1
5,77.53811567830796,69.91816051540027,3,28,0,5,2,24.41949105090615,0
4,9.205480155865313,66.99980071837875,2,6,6,4,9,14.201141751641998,0
12,96.52687854111083,72.10281670773561,12,23,4,4,9,96.58042348541355,1
9,21.422460030633403,96.67807320633923,2,11,1,2,1,37.053503789437706,1
1,14.946467526639836,28.79970789171619,18,23,5,7,4,54.657445437906695,1
9,99.18252598223525,91.04364810979501,9,9,3,5,1,36.010768709146255,1
0,115.77603213407411,45.74644587695798,13,19,2,5,1,44.97356941930379,1
5,92.51729966028465,20.36466666176537,19,4,9,6,9,30.92866530349696,0
9,99.2375291823929,38.78737206808417,18,12,6,8,3,48.318178543215126,1
3,112.74189381564082,62.050745911319964,3,29,9,11,2,21.105571483810504,0
3,52.59168366920191,64.28470999464763,16,24,2,10,9,59.97624576444795,1
6,41.6732450345178,63.78322242722395,16,29,4,11,4,17.84672575053028,0
10,86.33753395569973,67.25217113924242,6,28,7,11,6,1.9414684271887417,0
2,77.20395013638246,22.573820603937705,9,17,3,10,7,10.49736363268109,1
11,83.77736326397176,99.93797205251285,13,15,2,6,1,94.08573664156172,1
5,87.00992579546387,54.1105133305934,5,10,5,7,6,64.20771457757272,0
12,87.22564800865567,32.763897711692366,7,2,1,0,7,26.174145624767174,0
0,30.53053166196807,37.83341706224402,18,23,7,11,1,50.37814159571351,1
12,14.5684559289975,77.73386312325948,9,20,7,7,8,15.215592925065181,1
5,62.546019154372686,46.65925428883088,13,18,7,11,7,72.49073358591555,0
11,113.11179928965488,65.0195176331408,1,19,7,0,0,38.05698132723124,0
1,89.46407977069421,96.23558233747562,0,6,1,0,4,3.3962576980992365,1
12,23.9145525612203,57.22675444147769,5,3,7,7,6,79.96851973234577,0
11,12.648279172170536,64.82721341953668,15,11,8,4,2,30.223255396123815,0
2,72.05185940461617,44.819796849832144,9,29,0,0,3,5.691814172517306,1
11,72.07828440563071,78.24677811332867,6,26,7,4,4,47.5155750783424,1
13,82.55193777203968,77.65281175105872,7,24,7,7,7,55.43405158986363,1
1,32.869855975103185,51.49725618452783,9,26,1,4,9,89.84624548723082,1
9,56.64915640087729,50.15981935842752,6,8,0,3,7,97.87456187262936,1
11,85.38875197399571,73.98862777824426,19,22,9,5,1,7.042588217334145,1
1,23.239382609680092,73.96912161318129,8,27,1,5,3,40.69790614869926,1
12,26.537889545413034,87.80734740564941,3,5,9,4,3,92.29978154321097,1
13,55.46499238488282,97.58400023163985,7,28,6,8,8,39.67032642328905,0
12,33.80648565254285,43.77396641211034,2,20,6,8,4,41.330174088166125,0
3,110.74213434634189,47.22005591038017,5,0,3,8,3,8.296277989793243,1
8,26.838557499262254,48.99671960229006,19,5,2,0,6,73.74641191945555,1
8,50.96662780580169,65.90485031936055,14,16,3,7,2,55.7967164192306,0
9,99.00907517735516,43.02103966507471,4,29,9,9,9,46.374462404503994,0
2,9.416489919183785,67.64176316384567,19,28,2,9,4,70.27643598032067,1
9,81.83340969328711,62.50906989234249,12,23,6,3,7,19.521873995769756,0
8,6.614891040040876,35.46399256369498,3,6,9,3,6,92.11643066085139,1
11,111.7391619362343,82.14146142173584,15,4,7,3,9,65.9781466353823,0
0,18.13276918994228,81.32545463872404,10,29,0,8,8,35.36750483039262,0
7,22.465538091246884,27.402774485721988,15,4,7,2,6,68.78257645863503,0
13,74.99187786452774,67.213109663581,14,27,5,8,0,76.92189418153997,1
11,102.43447202222463,71.03046190037003,12,16,5,6,9,70.46702106990197,1
3,55.18279439031814,28.015111510293906,2,19,6,2,1,32.75529813725224,1
2,58.519403804222016,37.46878701665142,12,3,0,2,2,84.84863291455333,1
0,101.17652092936459,78.47797702365375,11,3,1,3,3,75.92102775255145,0
6,63.609307901187314,38.44820363936477,0,24,0,10,8,5.75693042735711,1
13,57.976749959703746,35.2754657585617,10,18,4,8,9,50.24691741527568,0
0,38.76821834514395,27.941820389461334,0,25,5,2,5,36.8417373123632,1
2,46.67849171816643,62.21188452529064,9,13,5,2,1,24.503428865793587,1
11,42.70808107735872,99.51683210557985,18,11,3,2,3,49.49732355896247,1
10,70.41689761025228,58.567493807977954,17,11,2,6,7,55.68551799269337,0
3,94.92654899922543,83.60459308520619,14,14,1,2,5,72.20527238830704,0
2,88.02587712219501,86.48671887569945,8,18,4,3,9,71.60376851130916,0
12,83.04507979867822,61.41971056001527,14,6,4,1,4,47.171133458222926,1
8,111.7797593063061,32.95732938713744,5,16,1,3,7,42.29002284961902,0
11,104.71779277568211,31.71789507459513,16,10,3,9,3,24.604838732564893,0
10,111.34965808774349,78.58153623109112,9,16,9,4,3,28.277731826336673,0
3,9.835628659290816,82.73181345312182,5,5,2,10,5,48.573504698293256,1
13,50.28915181350005,53.67955527341575,6,27,2,1,6,0.8948875460141115,1
5,72.10054627405586,63.46995548926894,17,1,4,11,6,81.72278985661245,1
13,58.114423080573104,56.85765987628205,7,0,9,6,6,58.592017853151965,1
5,83.1254031603465,53.6034563518377,6,13,5,9,6,20.272832604761415,0
9,118.55281496860228,86.13652911705573,8,19,8,0,3,68.36726787042396,1
12,22.65763125887237,51.72157476079221,18,6,1,3,4,52.64403038055523,1
4,43.317489430491044,74.10216024731051,15,16,2,3,6,50.454098094848746,0
1,114.60940139315395,24.686762683562186,6,5,2,8,0,39.0715787143556,1
13,54.086977634814914,29.961038543599514,12,3,3,4,5,66.18982485037712,1
13,52.964094615721145,38.46055928577752,10,17,3,2,5,30.110019251306763,0
11,105.18922398825569,68.2415277704798,7,23,7,5,4,36.70143430947683,1
11,9.798318929142962,52.796903535486564,13,10,1,0,7,8.470490257966269,0
12,18.7448285417001,77.9839503411437,1,0,9,4,2,61.400542097842084,0
4,19.56951329871427,38.997406272299855,12,19,2,9,3,39.08752562770529,1
9,118.79353514612505,97.53574204967295,17,3,1,7,4,97.06268948460755,1
7,15.279482242033819,68.02255744092199,7,4,7,2,3,44.906342578855075,0
6,51.28437711942157,91.63423369921011,19,5,9,11,0,29.327706342022953,1
11,107.48006292260892,30.174619693906095,9,5,0,11,1,13.976955967985582,1
11,49.18730337599683,39.697310184494285,14,27,1,10,4,38.29353720970366,1
5,7.7374003366426525,58.230137563071345,6,23,0,7,5,52.36380259909272,1
7,53.230760015006005,66.84846076774691,9,17,0,9,7,31.73886900364169,1
10,14.636819473374395,73.05978151228058,16,3,5,10,8,12.086566552434952,0
11,72.97025321006613,21.242009043679133,8,28,6,9,6,71.11812161605965,0
5,58.77435089521556,85.88131803132512,19,5,3,11,2,41.74680743521677,0
0,45.982904623506315,80.29983769022334,15,29,4,8,2,0.0765675554238121,1
3,102.65910101729703,98.63162394970877,12,14,3,8,1,87.97460543562885,1
7,109.69077507387087,40.45814753739413,19,3,4,0,2,74.54289216980732,1
12,61.96626494774645,74.38903571278927,9,6,2,0,6,88.46760704060361,0
13,56.467679590761705,74.9429676517831,2,1,7,5,6,65.15731879943249,0
11,110.51313500846616,60.242730115897956,17,4,1,9,1,88.10983362814873,1
9,106.02913803851837,30.235044854505702,3,18,2,11,1,86.17365237901036,0
5,102.36745589360467,40.782816751098736,11,11,8,8,0,77.89831701949727,0
13,79.11400042896813,99.85929890313295,4,2,0,11,9,14.994461462406516,0
7,66.16057817885594,95.71647862098892,10,17,0,5,0,23.964160122498313,1
7,115.95932572783998,79.76835808283653,0,5,9,8,1,43.18960238145206,1
8,38.606083778421244,74.80136640692277,10,7,7,10,6,93.69422476406982,1
8,40.196639656599565,91.19464005199211,7,15,2,4,4,55.57831416597276,0
0,16.664586811293876,41.15577109404828,7,24,5,2,9,92.41558290794572,1
2,51.37237065088662,31.670504780392143,4,29,3,4,9,27.442227335671497,1
3,64.61382082566715,30.676750316071903,6,17,2,9,2,97.81993332392422,1
4,16.95190988660828,59.06470765631007,8,2,5,6,7,48.547251534917315,1
0,43.47199472501073,96.43737212041589,10,4,5,2,9,98.53460376345063,1
8,53.57963119259517,58.91274618465758,2,23,8,3,7,1.4243852326677464,1
11,118.77910185437314,83.61146949330853,16,28,8,7,0,31.17366198804482,1
0,117.36597580717503,85.09819526046027,0,17,3,6,1,0.13132334588670247,0
9,18.30333842834068,44.89956221870135,11,6,5,8,7,3.0689483699537723,0
10,52.338627574136844,51.814490607918756,15,1,2,7,2,94.62369602779013,0
0,95.35215242719379,29.509675975177416,18,28,9,11,6,36.23443175656465,1
8,75.64014241642563,75.55800549937263,3,12,5,7,4,64.24988173079936,0
4,86.13197245546692,98.26483816597978,19,23,6,6,3,29.929749404524642,0
11,103.65121219088972,43.36395131592071,0,25,9,6,0,89.90562089356635,0
1,45.95512855959732,79.71858640893716,0,10,2,11,5,79.63075584857032,1
13,85.53608584243511,65.01541674825113,8,16,6,4,6,9.285118469537556,1
0,78.56953009143146,32.17346838138723,5,1,8,6,0,90.50275292532551,0
7,12.559798289706615,87.51239003266855,8,17,9,3,8,35.62456866161827,1
9,81.44600180171389,37.76176142795289,18,24,1,5,0,28.57464756387139,1
2,10.863665600405282,42.68858648876798,2,19,6,0,6,81.61732869218498,1
10,31.419826735077518,54.68692875750933,4,0,8,8,5,14.903455454339687,1
10,17.687756999575008,62.84006010121882,10,28,1,3,7,64.35574901793223,1
7,31.65593492881303,87.35814296161556,2,13,3,10,9,59.18135384244258,1
6,114.33939275255906,55.91987143257343,12,9,7,10,5,71.17954795994564,0
10,103.97956854125171,58.20167397589585,9,26,3,3,5,55.2826856570578,1
12,38.676162697830364,29.013967993129484,19,21,8,4,9,14.211837357925505,1
1,114.64997456988368,92.84854317363141,2,15,3,5,2,85.84285972870288,0
4,18.954578410250086,44.95310661527395,15,11,7,2,1,52.39705614756387,1
2,25.761899615280427,53.624192076737316,12,22,1,4,4,77.84596592402009,1
6,57.28116311240643,81.60353570862222,16,13,7,7,6,95.42184993936432,0
8,11.298125275461416,44.81155837114703,14,23,3,10,1,34.21556722932627,1
2,52.25537680627993,36.38082328230024,4,1,8,1,8,83.4180973822458,0
13,70.54195871094707,64.0716023577184,0,5,1,10,6,55.799237558710416,0
11,94.54769925840145,64.03502617965182,3,13,8,1,1,50.05745847624168,0
13,92.97243289867866,28.58113136455642,11,14,1,5,3,67.67460987229758,1
2,119.92746806688523,89.16362054870993,18,19,4,8,4,91.37104520855276,1
7,65.83304668529254,27.085369883410458,7,8,8,3,3,62.4145818943434,1
2,100.63820309637046,94.6049113850494,13,0,7,9,9,5.172490690675479,1
3,88.17503057340161,95.46310202648777,19,27,0,9,2,7.798581160885243,1
13,93.41313204004926,93.08751488156652,5,8,4,11,7,10.091557985079847,0
10,38.73303079943422,88.54906509420036,11,3,5,9,8,35.40647474954529,0
2,70.12359178958827,79.71580895473608,14,6,9,8,5,19.517142735221594,0
10,97.9545979198772,83.86371571283313,3,10,0,6,5,44.70606527691341,0
6,67.70056610327336,45.37586839080424,5,23,9,11,2,78.15317934835676,1
1,103.33146948997005,28.3418402240197,10,1,9,7,0,4.822629270722523,1
11,62.96975211656507,50.733320927356964,8,16,5,11,5,11.691476488993679,1
6,33.96037551461172,30.75443706928081,10,10,2,5,6,7.2406119772931765,0
3,17.822596114310144,85.02803403408157,14,26,8,5,7,39.96600161171045,1
11,34.63792437100996,23.846951212445884,11,16,1,0,8,82.11018120246052,0
10,76.07232595801362,99.79340723599316,13,7,6,7,7,33.74859326409826,1
12,57.946036262651,55.286206333114094,11,22,6,8,1,36.70287799781625,0
6,90.16409735462757,99.23440074395428,15,6,3,11,0,9.964220781643663,1
7,48.3446586672013,73.36321293257987,8,6,9,4,6,62.79645132472713,0
4,93.59183229543255,96.20503780416927,5,19,7,7,6,13.195126157068959,1
4,41.9106176642673,65.33635058074232,0,3,4,7,0,23.776533784137822,1
9,117.28603117111261,73.32517987541732,17,24,3,8,0,91.5016439837292,0
9,39.35851935403932,90.92108373979642,15,16,9,4,0,68.59019026004034,1
2,104.33837894861766,41.11211435139907,9,16,4,10,2,52.78943025918256,0
7,54.428426623745366,32.970548091041714,4,11,4,11,0,24.23237296804235,1
11,33.16813380237993,94.51795281920391,14,0,7,0,2,1.6558310046917102,1
9,115.15469368922109,59.901357899725234,7,15,2,4,9,73.33409167389372,0
5,50.04089392791074,23.20478544763415,0,29,7,9,1,65.52094580229455,0
5,87.77673380096503,42.871124239957766,11,29,4,3,6,15.29351342842017,0
1,24.084163348457743,43.18257053681124,10,18,3,4,4,32.702919970600874,0
5,115.8808100229098,30.031857510391752,19,29,4,5,2,74.64364146575481,1
0,20.94476437020959,95.44285609532638,17,12,6,9,8,69.94829804563545,0
2,105.67264419075538,35.85541105842,15,2,4,9,7,90.77757188802393,0
